/*
 Navicat Premium Data Transfer

 Source Server         : mysql
 Source Server Type    : MySQL
 Source Server Version : 50731 (5.7.31-log)
 Source Host           : localhost:3306
 Source Schema         : wb

 Target Server Type    : MySQL
 Target Server Version : 50731 (5.7.31-log)
 File Encoding         : 65001

 Date: 08/12/2022 17:11:46
*/

SET NAMES utf8mb4;
SET FOREIGN_KEY_CHECKS = 0;

-- ----------------------------
-- Table structure for at
-- ----------------------------
DROP TABLE IF EXISTS `at`;
CREATE TABLE `at`  (
  `at_id` int(11) NOT NULL AUTO_INCREMENT,
  `user_id` int(11) NULL DEFAULT NULL,
  `at_avg` varchar(255) CHARACTER SET utf8mb4 COLLATE utf8mb4_bin NULL DEFAULT NULL,
  `at_nickname` varchar(255) CHARACTER SET utf8mb4 COLLATE utf8mb4_bin NULL DEFAULT NULL,
  `at_des` varchar(255) CHARACTER SET utf8mb4 COLLATE utf8mb4_bin NULL DEFAULT NULL,
  PRIMARY KEY (`at_id`) USING BTREE
) ENGINE = InnoDB AUTO_INCREMENT = 13 CHARACTER SET = utf8mb4 COLLATE = utf8mb4_bin ROW_FORMAT = Dynamic;

-- ----------------------------
-- Records of at
-- ----------------------------
INSERT INTO `at` VALUES (5, 1, 'https://tvax1.sinaimg.cn/crop.0.0.455.455.180/008cRbQ0ly8h4v7gwtssoj30cn0cnmxo.jpg?KID=imgbed,tva&Expires=1666271379&ssig=NRspfFZlPG', '\n              Amy-爱米\n              ', '嘿嘿嘿');
INSERT INTO `at` VALUES (6, 1, 'https://tvax3.sinaimg.cn/crop.0.0.1080.1080.180/005JCY4Qly8h76f9ldf1xj30u00u0dgc.jpg?KID=imgbed,tva&Expires=1666271379&ssig=xp%2BUsvl7me', '\n              周杰伦_bot\n              ', '开心呀');
INSERT INTO `at` VALUES (7, 3, 'https://tvax2.sinaimg.cn/crop.0.0.512.512.180/001mWWtnly8gsxqpnr8vkj60e80e8t9202.jpg?KID=imgbed,tva&Expires=1666271379&ssig=CV4XLpb%2Fpe', '\n              海陆\n              ', '哈哈哈');
INSERT INTO `at` VALUES (8, 3, 'https://tvax3.sinaimg.cn/crop.0.0.1080.1080.180/005JCY4Qly8h76f9ldf1xj30u00u0dgc.jpg?KID=imgbed,tva&Expires=1666271379&ssig=xp%2BUsvl7me', '\n              周杰伦_bot\n              ', '大富大贵那就');
INSERT INTO `at` VALUES (9, 3, 'https://tvax2.sinaimg.cn/crop.50.386.1881.1881.180/647ac62fly8ftirskw8oaj21ho1zktjf.jpg?KID=imgbed,tva&Expires=1666271379&ssig=kJKxGZe7b6', '\n              聋子小哥\n              ', '分隔符');
INSERT INTO `at` VALUES (10, 3, 'https://tvax2.sinaimg.cn/crop.0.0.1080.1080.180/005CeWmGly8h0qfcu1d7rj30u00u00th.jpg?KID=imgbed,tva&Expires=1666271379&ssig=cukD1mQsrk', '\n              沸点视频\n              ', NULL);
INSERT INTO `at` VALUES (11, 1, 'https://tvax2.sinaimg.cn/crop.0.0.1080.1080.180/005CeWmGly8h0qfcu1d7rj30u00u00th.jpg?KID=imgbed,tva&Expires=1666271379&ssig=cukD1mQsrk', '\n              沸点视频\n              ', NULL);
INSERT INTO `at` VALUES (12, 2, 'https://tvax1.sinaimg.cn/crop.0.0.640.640.180/0020RiiWly8h1fwts8q45j60hs0hsjrr02.jpg?KID=imgbed,tva&Expires=1666271379&ssig=VfgMY8dgL9', '\n              内蒙古晨报\n              ', NULL);

-- ----------------------------
-- Table structure for blog
-- ----------------------------
DROP TABLE IF EXISTS `blog`;
CREATE TABLE `blog`  (
  `blog_id` int(11) NOT NULL AUTO_INCREMENT,
  `blog_text` varchar(255) CHARACTER SET utf8 COLLATE utf8_general_ci NULL DEFAULT NULL,
  `blog_create_time` datetime NULL DEFAULT NULL,
  `blog_pic` varchar(255) CHARACTER SET utf8 COLLATE utf8_general_ci NULL DEFAULT NULL,
  `blog_sharing` int(11) NULL DEFAULT NULL,
  `blog_comment` varchar(255) CHARACTER SET utf8 COLLATE utf8_general_ci NULL DEFAULT NULL,
  `blog_like` int(11) NULL DEFAULT NULL,
  `blog_region` varchar(255) CHARACTER SET utf8 COLLATE utf8_general_ci NULL DEFAULT NULL,
  `user_id` int(11) NULL DEFAULT NULL,
  PRIMARY KEY (`blog_id`) USING BTREE
) ENGINE = InnoDB AUTO_INCREMENT = 18 CHARACTER SET = utf8 COLLATE = utf8_general_ci ROW_FORMAT = Dynamic;

-- ----------------------------
-- Records of blog
-- ----------------------------
INSERT INTO `blog` VALUES (1, '法规法规统统wwwty', '2022-11-29 18:24:39', NULL, 145, '45', 23213, '1212121', 1);
INSERT INTO `blog` VALUES (4, 'ddddd', '2022-11-23 22:00:01', NULL, 152, '253', 523, '南宁', 1);
INSERT INTO `blog` VALUES (9, 'ddddd', '2022-11-25 18:28:12', NULL, 152, '253', 523, '南宁', 2);
INSERT INTO `blog` VALUES (10, '青年读者', '2022-11-11 18:28:18', NULL, 1527, '253', 5253, '广州', 2);
INSERT INTO `blog` VALUES (13, 'wwsxgxgd', '2022-11-30 23:39:31', NULL, NULL, NULL, NULL, NULL, 3);
INSERT INTO `blog` VALUES (14, 'wwsxgxgd', '2022-11-30 23:39:31', NULL, NULL, NULL, NULL, NULL, 3);
INSERT INTO `blog` VALUES (15, 'wwsxgxgd', '2022-11-30 23:39:31', NULL, NULL, NULL, NULL, NULL, 3);
INSERT INTO `blog` VALUES (16, 'fdsg f', '2022-11-30 23:40:28', NULL, NULL, NULL, NULL, NULL, 3);
INSERT INTO `blog` VALUES (17, 'aasasds', '2022-11-30 23:43:39', NULL, NULL, NULL, NULL, NULL, 3);

-- ----------------------------
-- Table structure for comments
-- ----------------------------
DROP TABLE IF EXISTS `comments`;
CREATE TABLE `comments`  (
  `comments_id` int(11) NOT NULL AUTO_INCREMENT,
  `comments_text` varchar(255) CHARACTER SET utf8mb4 COLLATE utf8mb4_bin NULL DEFAULT NULL,
  `comments_like` int(255) NULL DEFAULT NULL,
  `comments_sharing` int(255) NULL DEFAULT NULL,
  `comments_com` int(255) NULL DEFAULT NULL,
  `create_time` datetime NULL DEFAULT NULL,
  `comments_avg` varchar(255) CHARACTER SET utf8mb4 COLLATE utf8mb4_bin NULL DEFAULT NULL,
  `comments_nickname` varchar(255) CHARACTER SET utf8mb4 COLLATE utf8mb4_bin NULL DEFAULT NULL,
  `host_id` int(11) NULL DEFAULT NULL,
  PRIMARY KEY (`comments_id`) USING BTREE
) ENGINE = InnoDB AUTO_INCREMENT = 19 CHARACTER SET = utf8mb4 COLLATE = utf8mb4_bin ROW_FORMAT = Dynamic;

-- ----------------------------
-- Records of comments
-- ----------------------------
INSERT INTO `comments` VALUES (1, 'wwww', 1, NULL, NULL, '2022-11-30 13:04:41', 'https://tva3.sinaimg.cn/crop.0.0.458.458.180/a8b8b9cajw8exsgha3l4uj20cq0crmy5.jpg?KID=imgbed,tva&Expires=1667193327&ssig=Bz23iWMjJ3', '11', 2);
INSERT INTO `comments` VALUES (2, 'ssss', 1, NULL, NULL, '2022-11-22 13:04:44', 'https://tupian.qqw21.com/article/UploadPic/2020-1/20201131943720551.jpg', '11122', 2);
INSERT INTO `comments` VALUES (9, 'wqefdg', NULL, NULL, NULL, '2022-11-30 21:40:11', 'https://tupian.qqw21.com/article/UploadPic/2020-1/20201131943720551.jpg', '佳佳', 2);
INSERT INTO `comments` VALUES (12, 'www', NULL, NULL, NULL, '2022-11-30 21:51:42', 'https://tupian.qqw21.com/article/UploadPic/2018-7/20187192294216790.jpg', '七七', 4);
INSERT INTO `comments` VALUES (13, '今天要开心呀', NULL, NULL, NULL, '2022-11-30 22:05:36', 'https://tupian.qqw21.com/article/UploadPic/2018-7/20187192294216790.jpg', '七七', 3);
INSERT INTO `comments` VALUES (14, '开心呀', NULL, NULL, NULL, '2022-11-30 22:06:58', 'https://tva3.sinaimg.cn/crop.0.0.458.458.180/a8b8b9cajw8exsgha3l4uj20cq0crmy5.jpg?KID=imgbed,tva&Expires=1667193327&ssig=Bz23iWMjJ3', '时光读物12', 4);
INSERT INTO `comments` VALUES (15, '今天要开心呀', NULL, NULL, NULL, '2022-12-01 00:17:44', 'https://tupian.qqw21.com/article/UploadPic/2018-7/20187192294216790.jpg', '七七', 2);
INSERT INTO `comments` VALUES (16, 'afsd', NULL, NULL, NULL, '2022-12-01 20:54:05', 'https://tva3.sinaimg.cn/crop.0.0.458.458.180/a8b8b9cajw8exsgha3l4uj20cq0crmy5.jpg?KID=imgbed,tva&Expires=1667193327&ssig=Bz23iWMjJ3', '时光读物12', 1);
INSERT INTO `comments` VALUES (17, '今天要开心', NULL, NULL, NULL, '2022-12-01 21:11:52', 'https://tupian.qqw21.com/article/UploadPic/2020-1/20201131943720551.jpg', '佳佳', 1);
INSERT INTO `comments` VALUES (18, '1111', NULL, NULL, NULL, '2022-12-01 21:14:24', 'https://tupian.qqw21.com/article/UploadPic/2020-1/20201131943720551.jpg', '佳佳', 1);

-- ----------------------------
-- Table structure for host
-- ----------------------------
DROP TABLE IF EXISTS `host`;
CREATE TABLE `host`  (
  `host_id` int(11) NOT NULL AUTO_INCREMENT,
  `host_title` varchar(255) CHARACTER SET utf8 COLLATE utf8_bin NULL DEFAULT NULL,
  `host_title_http` varchar(400) CHARACTER SET utf8 COLLATE utf8_bin NULL DEFAULT NULL,
  `host_tu` varchar(255) CHARACTER SET utf8 COLLATE utf8_bin NULL DEFAULT NULL,
  `host_time` datetime NULL DEFAULT NULL,
  `hoat_from` varchar(400) CHARACTER SET utf8 COLLATE utf8_bin NULL DEFAULT NULL,
  `host_weibo_text` varchar(500) CHARACTER SET utf8mb4 COLLATE utf8mb4_general_ci NULL DEFAULT NULL,
  `host_weibo_text_http` varchar(600) CHARACTER SET utf8 COLLATE utf8_bin NULL DEFAULT NULL,
  `host_surltext` varchar(500) CHARACTER SET utf8 COLLATE utf8_bin NULL DEFAULT NULL,
  `host_weibo_text_http1` varchar(600) CHARACTER SET utf8 COLLATE utf8_bin NULL DEFAULT NULL,
  `host_tu2` varchar(255) CHARACTER SET utf8 COLLATE utf8_bin NULL DEFAULT NULL,
  `host_weibo_text3` varchar(500) CHARACTER SET utf8 COLLATE utf8_bin NULL DEFAULT NULL,
  `host_tu4` varchar(255) CHARACTER SET utf8 COLLATE utf8_bin NULL DEFAULT NULL,
  `host_mboxcol` varchar(255) CHARACTER SET utf8 COLLATE utf8_bin NULL DEFAULT NULL,
  `host_time5` datetime NULL DEFAULT NULL,
  `host_mdiybtn` varchar(255) CHARACTER SET utf8 COLLATE utf8_bin NULL DEFAULT NULL,
  `host_mdiybtn6` varchar(255) CHARACTER SET utf8 COLLATE utf8_bin NULL DEFAULT NULL,
  `host_mdiybtn7` varchar(255) CHARACTER SET utf8 COLLATE utf8_bin NULL DEFAULT NULL,
  `host_topic` varchar(10000) CHARACTER SET utf8mb4 COLLATE utf8mb4_general_ci NULL DEFAULT NULL,
  `host2` varchar(255) CHARACTER SET utf8 COLLATE utf8_bin NULL DEFAULT NULL,
  `type` varchar(255) CHARACTER SET utf8 COLLATE utf8_bin NULL DEFAULT NULL,
  PRIMARY KEY (`host_id`) USING BTREE
) ENGINE = InnoDB AUTO_INCREMENT = 141 CHARACTER SET = utf8 COLLATE = utf8_bin ROW_FORMAT = Dynamic;

-- ----------------------------
-- Records of host
-- ----------------------------
INSERT INTO `host` VALUES (1, '\n              内蒙古晨报\n              ', 'https://m.weibo.cn/profile/1844967414', 'https://tvax1.sinaimg.cn/crop.0.0.640.640.180/0020RiiWly8h1fwts8q45j60hs0hsjrr02.jpg?KID=imgbed,tva&Expires=1666271379&ssig=VfgMY8dgL9', '2001-10-12 15:55:00', ' 来自 微博视频号', '【万物皆有灵！#女生校内晕倒2流浪狗舔鼻唤醒#】10月18日，陕西杨凌。一女生突发身体不适，蹲地后两眼发黑失去意识，校园内两只流浪狗跑来拱她的背，隔着口罩舔她鼻子将她唤醒。刘同学称，最近由于节食和熬夜，身体状态不是太好，狗狗们大概舔了1分钟自己才完全清醒，之前和这2只小狗都不太熟悉 ...全文', 'https://m.weibo.cn/search?containerid=231522type%3D1%26t%3D10%26q%3D%23%E5%A5%B3%E7%94%9F%E6%A0%A1%E5%86%85%E6%99%95%E5%80%922%E6%B5%81%E6%B5%AA%E7%8B%97%E8%88%94%E9%BC%BB%E5%94%A4%E9%86%92%23&extparam=%23%E5%A5%B3%E7%94%9F%E6%A0%A1%E5%86%85%E6%99%95%E5%80%922%E6%B5%81%E6%B5%AA%E7%8B%97%E8%88%94%E9%BC%BB%E5%94%A4%E9%86%92%23&luicode=10000011&lfid=102803', '#女生校内晕倒2流浪狗舔鼻唤醒#', 'https://m.weibo.cn/status/4826652951447010', 'https://h5.sinaimg.cn/m/emoticon/icon/others/l_xin-43af9086c0.png', '', 'https://wx3.sinaimg.cn/orj480/006JqkDily1h7aly0qcvjj30mi0u0q9h.jpg', '\n          1367万次播放\n        ', NULL, '\n      1\n    ', '1', '23', '\n  大家都在搜：#被李诞的话抚平了职场焦虑#\n                  热门\n                  \n                  榜单\n                  \n                  新鲜事\n                  \n                  同城\n                  \n                  科技\n                  \n                  明星\n                  \n                  电影\n                  \n                  音乐\n                  \n                  数码\n                  \n                  汽车\n                  \n                  游戏\n                  下拉刷新\n              内蒙古晨报\n              4小时前 来自 微博视频号【万物皆有灵！#女生校内晕倒2流浪狗舔鼻唤醒#】10月18日，陕西杨凌。一女生突发身体不适，蹲地后两眼发黑失去意识，校园内两只流浪狗跑来拱她的背，隔着口罩舔她鼻子将她唤醒。刘同学称，最近由于节食和熬夜，身体状态不是太好，狗狗们大概舔了1分钟自己才完全清醒，之前和这2只小狗都不太熟悉 ...全文\n          1367万次播放\n        0:46\n      1\n    \n      评论\n    23\n              巧克梨Q\n              10-12 15:55 来自 新版微博 weibo.com到底拿了多少倍的显微镜看的 \n      4\n    \n      4\n    198\n              沸点视频\n              10-18 21:53 来自 微博视频号【#女子剖腹产后被家人用吊篮抬上7楼# 妹妹：有趣又有爱】10月16日，福建漳州，产妇妹妹张女士称，姐姐刚生完宝宝出院，家人怕她刀口痛，刚好家里阳台有吊篮，就让姐姐坐进吊篮里抬上去了。张女士说，姐姐是剖腹产，家里住在7楼，虽然她可以自己慢慢走上去，但是家人心疼她。 沸点视频的微博视频 \n          754万次播放\n        0:11\n      931\n    \n      4515\n    10万\n              海陆\n              2小时前 来自 iPhone 13 Pro Max最美的你是嫁给爱情的样子，@张檬 宝贝愿岁月可回首，且以深情共白头，祝新婚快乐！❤ \n      2795\n    \n      1052\n    3124\n              Amy-爱米\n              10-18 18:30 来自 微博视频号妈妈嫉妒女儿漂亮，竟把她的头发剃光，还埋在面粉里10小时#电影种草官##影迷嘉年华# Amy-爱米的微博视频 \n          95万次播放\n        3:53\n      33\n    \n      56\n    1024\n              周杰伦_bot\n              10-16 22:33我哥带着老婆出来逛逛好幸福 \n      51\n    \n      149\n    2883\n              聋子小哥\n              10-5 08:07 来自 iPhone 8 Plus画葡萄，葡萄真不真 聋子小哥的微博视频 \n          49万次播放\n        0:17\n      74\n    \n      26\n    1184\n              重生之我是二b\n              10-19 08:31 来自 禁止空瓶iPhone客户端？？？居然是真的 \n      63\n    \n      251\n    8047\n              都市时报\n              10-18 16:47 来自 微博视频号\n              已编辑【特别的缘分！#学生在老师毕设中发现8年前的自己#】10月17日，云南红河。一名大二男生在老师播放的纪录片中，发现8年前的自己。据当事人薛老师描述：播放的纪录片为自己研究生时期的毕业作品，画面中穿蓝色衣服的小男孩是自己的学生，当年他还只是一名小学生。知道这个消息时，自己和其他同学都特别惊 ...全文\n          603万次播放\n        0:20\n      379\n    \n      559\n    2.8万\n              瑞瑞Kyra\n              10-5 14:21 来自 瑞瑞iPhone 11婚期已定，静待佳音❤️#我们订婚啦# \n      8\n    \n      32\n    257登录/注册正在加载 视频播放器。播放静音当前时间 0:00/时长 0:00加载完成: 0%媒体流类型 直播全屏打开对话窗口。Escape键将取消并关闭对话窗口文字Color白黑红绿蓝黄紫红青Transparency不透明半透明背景Color黑白红绿蓝黄紫红青Transparency不透明半透明透明窗口Color黑白红绿蓝黄紫红青Transparency透明半透明不透明字体尺寸50%75%100%125%150%175%200%300%400%字体边缘样式无浮雕压低均匀下阴影字体库比例无细体单间隔无细体比例细体单间隔细体舒适手写体小型大写字体重置 恢复全部设定至预设值完成关闭弹窗结束对话窗口关闭 \n    \n  \n    var config = {\n      env: \'prod\',\n      version: \'v2.10.15\',\n      login: [][0],\n      st: \'2d8dc6\',\n      uid: \'\',\n      pageConfig: [null][0] || {},\n      preferQuickapp: \'0\',\n      wm: \'\'\n    }\n  var $render_data = [{\n    \"showPSWLogin\": 1\n}][0] || {};\n  var __wb_performance_data={v:\"v8\",m:\"mainsite\",pwa:1,sw:0};\n  \n  \n\n\n\n', '\n                  榜单\n                  ', '\n                  热门\n                  ');
INSERT INTO `host` VALUES (2, '\n              巧克梨Q\n              ', 'https://m.weibo.cn/profile/5236465571', 'https://tvax2.sinaimg.cn/crop.0.0.512.512.180/005InFU7ly8h55f2zz1owj30e80e83ys.jpg?KID=imgbed,tva&Expires=1666271379&ssig=9PKpDEIXqz', '2001-10-12 15:55:00', ' 来自 新版微博 weibo.com', '到底拿了多少倍的显微镜看的 ', '', '', '', '', '', 'https://wx2.sinaimg.cn/orj360/006U3Hg5ly1h6hp37nlnpj30j60oi755.jpg', '', NULL, '\n      4\n    ', '1', '198', '\n  大家都在搜：#被李诞的话抚平了职场焦虑#\n                  热门\n                  \n                  榜单\n                  \n                  新鲜事\n                  \n                  同城\n                  \n                  科技\n                  \n                  明星\n                  \n                  电影\n                  \n                  音乐\n                  \n                  数码\n                  \n                  汽车\n                  \n                  游戏\n                  下拉刷新\n              内蒙古晨报\n              4小时前 来自 微博视频号【万物皆有灵！#女生校内晕倒2流浪狗舔鼻唤醒#】10月18日，陕西杨凌。一女生突发身体不适，蹲地后两眼发黑失去意识，校园内两只流浪狗跑来拱她的背，隔着口罩舔她鼻子将她唤醒。刘同学称，最近由于节食和熬夜，身体状态不是太好，狗狗们大概舔了1分钟自己才完全清醒，之前和这2只小狗都不太熟悉 ...全文\n          1367万次播放\n        0:46\n      1\n    \n      评论\n    23\n              巧克梨Q\n              10-12 15:55 来自 新版微博 weibo.com到底拿了多少倍的显微镜看的 \n      4\n    \n      4\n    198\n              沸点视频\n              10-18 21:53 来自 微博视频号【#女子剖腹产后被家人用吊篮抬上7楼# 妹妹：有趣又有爱】10月16日，福建漳州，产妇妹妹张女士称，姐姐刚生完宝宝出院，家人怕她刀口痛，刚好家里阳台有吊篮，就让姐姐坐进吊篮里抬上去了。张女士说，姐姐是剖腹产，家里住在7楼，虽然她可以自己慢慢走上去，但是家人心疼她。 沸点视频的微博视频 \n          754万次播放\n        0:11\n      931\n    \n      4515\n    10万\n              海陆\n              2小时前 来自 iPhone 13 Pro Max最美的你是嫁给爱情的样子，@张檬 宝贝愿岁月可回首，且以深情共白头，祝新婚快乐！❤ \n      2795\n    \n      1052\n    3124\n              Amy-爱米\n              10-18 18:30 来自 微博视频号妈妈嫉妒女儿漂亮，竟把她的头发剃光，还埋在面粉里10小时#电影种草官##影迷嘉年华# Amy-爱米的微博视频 \n          95万次播放\n        3:53\n      33\n    \n      56\n    1024\n              周杰伦_bot\n              10-16 22:33我哥带着老婆出来逛逛好幸福 \n      51\n    \n      149\n    2883\n              聋子小哥\n              10-5 08:07 来自 iPhone 8 Plus画葡萄，葡萄真不真 聋子小哥的微博视频 \n          49万次播放\n        0:17\n      74\n    \n      26\n    1184\n              重生之我是二b\n              10-19 08:31 来自 禁止空瓶iPhone客户端？？？居然是真的 \n      63\n    \n      251\n    8047\n              都市时报\n              10-18 16:47 来自 微博视频号\n              已编辑【特别的缘分！#学生在老师毕设中发现8年前的自己#】10月17日，云南红河。一名大二男生在老师播放的纪录片中，发现8年前的自己。据当事人薛老师描述：播放的纪录片为自己研究生时期的毕业作品，画面中穿蓝色衣服的小男孩是自己的学生，当年他还只是一名小学生。知道这个消息时，自己和其他同学都特别惊 ...全文\n          603万次播放\n        0:20\n      379\n    \n      559\n    2.8万\n              瑞瑞Kyra\n              10-5 14:21 来自 瑞瑞iPhone 11婚期已定，静待佳音❤️#我们订婚啦# \n      8\n    \n      32\n    257登录/注册正在加载 视频播放器。播放静音当前时间 0:00/时长 0:00加载完成: 0%媒体流类型 直播全屏打开对话窗口。Escape键将取消并关闭对话窗口文字Color白黑红绿蓝黄紫红青Transparency不透明半透明背景Color黑白红绿蓝黄紫红青Transparency不透明半透明透明窗口Color黑白红绿蓝黄紫红青Transparency透明半透明不透明字体尺寸50%75%100%125%150%175%200%300%400%字体边缘样式无浮雕压低均匀下阴影字体库比例无细体单间隔无细体比例细体单间隔细体舒适手写体小型大写字体重置 恢复全部设定至预设值完成关闭弹窗结束对话窗口关闭 \n    \n  \n    var config = {\n      env: \'prod\',\n      version: \'v2.10.15\',\n      login: [][0],\n      st: \'2d8dc6\',\n      uid: \'\',\n      pageConfig: [null][0] || {},\n      preferQuickapp: \'0\',\n      wm: \'\'\n    }\n  var $render_data = [{\n    \"showPSWLogin\": 1\n}][0] || {};\n  var __wb_performance_data={v:\"v8\",m:\"mainsite\",pwa:1,sw:0};\n  \n  \n\n\n\n', '\n                  榜单\n                  ', '\n                  热门\n                  ');
INSERT INTO `host` VALUES (3, '\n              沸点视频\n              ', 'https://m.weibo.cn/profile/5145725878', 'https://tvax2.sinaimg.cn/crop.0.0.1080.1080.180/005CeWmGly8h0qfcu1d7rj30u00u00th.jpg?KID=imgbed,tva&Expires=1666271379&ssig=cukD1mQsrk', '2001-10-18 21:53:00', ' 来自 微博视频号', '【#女子剖腹产后被家人用吊篮抬上7楼# 妹妹：有趣又有爱】10月16日，福建漳州，产妇妹妹张女士称，姐姐刚生完宝宝出院，家人怕她刀口痛，刚好家里阳台有吊篮，就让姐姐坐进吊篮里抬上去了。张女士说，姐姐是剖腹产，家里住在7楼，虽然她可以自己慢慢走上去，但是家人心疼她。 沸点视频的微博视频 ', 'https://m.weibo.cn/search?containerid=231522type%3D1%26t%3D10%26q%3D%23%E5%A5%B3%E5%AD%90%E5%89%96%E8%85%B9%E4%BA%A7%E5%90%8E%E8%A2%AB%E5%AE%B6%E4%BA%BA%E7%94%A8%E5%90%8A%E7%AF%AE%E6%8A%AC%E4%B8%8A7%E6%A5%BC%23&extparam=%23%E5%A5%B3%E5%AD%90%E5%89%96%E8%85%B9%E4%BA%A7%E5%90%8E%E8%A2%AB%E5%AE%B6%E4%BA%BA%E7%94%A8%E5%90%8A%E7%AF%AE%E6%8A%AC%E4%B8%8A7%E6%A5%BC%23&luicode=10000011&lfid=102803', '#女子剖腹产后被家人用吊篮抬上7楼#', 'https://video.weibo.com/show?fid=1034:4826039822778462', 'https://h5.sinaimg.cn/upload/2015/09/25/3/timeline_card_small_video_default.png', '沸点视频的微博视频', 'https://wx1.sinaimg.cn/orj480/005CeWmGly1h79s5y64w6j30u01401jp.jpg', '\n          754万次播放\n        ', NULL, '\n      931\n    ', '\n      4515\n    ', '10万', '\n  大家都在搜：#被李诞的话抚平了职场焦虑#\n                  热门\n                  \n                  榜单\n                  \n                  新鲜事\n                  \n                  同城\n                  \n                  科技\n                  \n                  明星\n                  \n                  电影\n                  \n                  音乐\n                  \n                  数码\n                  \n                  汽车\n                  \n                  游戏\n                  下拉刷新\n              内蒙古晨报\n              4小时前 来自 微博视频号【万物皆有灵！#女生校内晕倒2流浪狗舔鼻唤醒#】10月18日，陕西杨凌。一女生突发身体不适，蹲地后两眼发黑失去意识，校园内两只流浪狗跑来拱她的背，隔着口罩舔她鼻子将她唤醒。刘同学称，最近由于节食和熬夜，身体状态不是太好，狗狗们大概舔了1分钟自己才完全清醒，之前和这2只小狗都不太熟悉 ...全文\n          1367万次播放\n        0:46\n      1\n    \n      评论\n    23\n              巧克梨Q\n              10-12 15:55 来自 新版微博 weibo.com到底拿了多少倍的显微镜看的 \n      4\n    \n      4\n    198\n              沸点视频\n              10-18 21:53 来自 微博视频号【#女子剖腹产后被家人用吊篮抬上7楼# 妹妹：有趣又有爱】10月16日，福建漳州，产妇妹妹张女士称，姐姐刚生完宝宝出院，家人怕她刀口痛，刚好家里阳台有吊篮，就让姐姐坐进吊篮里抬上去了。张女士说，姐姐是剖腹产，家里住在7楼，虽然她可以自己慢慢走上去，但是家人心疼她。 沸点视频的微博视频 \n          754万次播放\n        0:11\n      931\n    \n      4515\n    10万\n              海陆\n              2小时前 来自 iPhone 13 Pro Max最美的你是嫁给爱情的样子，@张檬 宝贝愿岁月可回首，且以深情共白头，祝新婚快乐！❤ \n      2795\n    \n      1052\n    3124\n              Amy-爱米\n              10-18 18:30 来自 微博视频号妈妈嫉妒女儿漂亮，竟把她的头发剃光，还埋在面粉里10小时#电影种草官##影迷嘉年华# Amy-爱米的微博视频 \n          95万次播放\n        3:53\n      33\n    \n      56\n    1024\n              周杰伦_bot\n              10-16 22:33我哥带着老婆出来逛逛好幸福 \n      51\n    \n      149\n    2883\n              聋子小哥\n              10-5 08:07 来自 iPhone 8 Plus画葡萄，葡萄真不真 聋子小哥的微博视频 \n          49万次播放\n        0:17\n      74\n    \n      26\n    1184\n              重生之我是二b\n              10-19 08:31 来自 禁止空瓶iPhone客户端？？？居然是真的 \n      63\n    \n      251\n    8047\n              都市时报\n              10-18 16:47 来自 微博视频号\n              已编辑【特别的缘分！#学生在老师毕设中发现8年前的自己#】10月17日，云南红河。一名大二男生在老师播放的纪录片中，发现8年前的自己。据当事人薛老师描述：播放的纪录片为自己研究生时期的毕业作品，画面中穿蓝色衣服的小男孩是自己的学生，当年他还只是一名小学生。知道这个消息时，自己和其他同学都特别惊 ...全文\n          603万次播放\n        0:20\n      379\n    \n      559\n    2.8万\n              瑞瑞Kyra\n              10-5 14:21 来自 瑞瑞iPhone 11婚期已定，静待佳音❤️#我们订婚啦# \n      8\n    \n      32\n    257登录/注册正在加载 视频播放器。播放静音当前时间 0:00/时长 0:00加载完成: 0%媒体流类型 直播全屏打开对话窗口。Escape键将取消并关闭对话窗口文字Color白黑红绿蓝黄紫红青Transparency不透明半透明背景Color黑白红绿蓝黄紫红青Transparency不透明半透明透明窗口Color黑白红绿蓝黄紫红青Transparency透明半透明不透明字体尺寸50%75%100%125%150%175%200%300%400%字体边缘样式无浮雕压低均匀下阴影字体库比例无细体单间隔无细体比例细体单间隔细体舒适手写体小型大写字体重置 恢复全部设定至预设值完成关闭弹窗结束对话窗口关闭 \n    \n  \n    var config = {\n      env: \'prod\',\n      version: \'v2.10.15\',\n      login: [][0],\n      st: \'2d8dc6\',\n      uid: \'\',\n      pageConfig: [null][0] || {},\n      preferQuickapp: \'0\',\n      wm: \'\'\n    }\n  var $render_data = [{\n    \"showPSWLogin\": 1\n}][0] || {};\n  var __wb_performance_data={v:\"v8\",m:\"mainsite\",pwa:1,sw:0};\n  \n  \n\n\n\n', '\n                  榜单\n                  ', '\n                  热门\n                  ');
INSERT INTO `host` VALUES (4, '\n              海陆\n              ', 'https://m.weibo.cn/profile/1255260021', 'https://tvax2.sinaimg.cn/crop.0.0.512.512.180/001mWWtnly8gsxqpnr8vkj60e80e8t9202.jpg?KID=imgbed,tva&Expires=1666271379&ssig=CV4XLpb%2Fpe', '2001-10-12 15:55:00', ' 来自 iPhone 13 Pro Max', '最美的你是嫁给爱情的样子，@张檬 宝贝愿岁月可回首，且以深情共白头，祝新婚快乐！❤ ', 'https://m.weibo.cn/n/%E5%BC%A0%E6%AA%AC', '', '', '', '', 'https://wx3.sinaimg.cn/orj360/001mWWtngy1h7bu8qgdyfj63ls5eox6v02.jpg', '', NULL, '\n      2795\n    ', '\n      1052\n    ', '3124', '\n  大家都在搜：#被李诞的话抚平了职场焦虑#\n                  热门\n                  \n                  榜单\n                  \n                  新鲜事\n                  \n                  同城\n                  \n                  科技\n                  \n                  明星\n                  \n                  电影\n                  \n                  音乐\n                  \n                  数码\n                  \n                  汽车\n                  \n                  游戏\n                  下拉刷新\n              内蒙古晨报\n              4小时前 来自 微博视频号【万物皆有灵！#女生校内晕倒2流浪狗舔鼻唤醒#】10月18日，陕西杨凌。一女生突发身体不适，蹲地后两眼发黑失去意识，校园内两只流浪狗跑来拱她的背，隔着口罩舔她鼻子将她唤醒。刘同学称，最近由于节食和熬夜，身体状态不是太好，狗狗们大概舔了1分钟自己才完全清醒，之前和这2只小狗都不太熟悉 ...全文\n          1367万次播放\n        0:46\n      1\n    \n      评论\n    23\n              巧克梨Q\n              10-12 15:55 来自 新版微博 weibo.com到底拿了多少倍的显微镜看的 \n      4\n    \n      4\n    198\n              沸点视频\n              10-18 21:53 来自 微博视频号【#女子剖腹产后被家人用吊篮抬上7楼# 妹妹：有趣又有爱】10月16日，福建漳州，产妇妹妹张女士称，姐姐刚生完宝宝出院，家人怕她刀口痛，刚好家里阳台有吊篮，就让姐姐坐进吊篮里抬上去了。张女士说，姐姐是剖腹产，家里住在7楼，虽然她可以自己慢慢走上去，但是家人心疼她。 沸点视频的微博视频 \n          754万次播放\n        0:11\n      931\n    \n      4515\n    10万\n              海陆\n              2小时前 来自 iPhone 13 Pro Max最美的你是嫁给爱情的样子，@张檬 宝贝愿岁月可回首，且以深情共白头，祝新婚快乐！❤ \n      2795\n    \n      1052\n    3124\n              Amy-爱米\n              10-18 18:30 来自 微博视频号妈妈嫉妒女儿漂亮，竟把她的头发剃光，还埋在面粉里10小时#电影种草官##影迷嘉年华# Amy-爱米的微博视频 \n          95万次播放\n        3:53\n      33\n    \n      56\n    1024\n              周杰伦_bot\n              10-16 22:33我哥带着老婆出来逛逛好幸福 \n      51\n    \n      149\n    2883\n              聋子小哥\n              10-5 08:07 来自 iPhone 8 Plus画葡萄，葡萄真不真 聋子小哥的微博视频 \n          49万次播放\n        0:17\n      74\n    \n      26\n    1184\n              重生之我是二b\n              10-19 08:31 来自 禁止空瓶iPhone客户端？？？居然是真的 \n      63\n    \n      251\n    8047\n              都市时报\n              10-18 16:47 来自 微博视频号\n              已编辑【特别的缘分！#学生在老师毕设中发现8年前的自己#】10月17日，云南红河。一名大二男生在老师播放的纪录片中，发现8年前的自己。据当事人薛老师描述：播放的纪录片为自己研究生时期的毕业作品，画面中穿蓝色衣服的小男孩是自己的学生，当年他还只是一名小学生。知道这个消息时，自己和其他同学都特别惊 ...全文\n          603万次播放\n        0:20\n      379\n    \n      559\n    2.8万\n              瑞瑞Kyra\n              10-5 14:21 来自 瑞瑞iPhone 11婚期已定，静待佳音❤️#我们订婚啦# \n      8\n    \n      32\n    257登录/注册正在加载 视频播放器。播放静音当前时间 0:00/时长 0:00加载完成: 0%媒体流类型 直播全屏打开对话窗口。Escape键将取消并关闭对话窗口文字Color白黑红绿蓝黄紫红青Transparency不透明半透明背景Color黑白红绿蓝黄紫红青Transparency不透明半透明透明窗口Color黑白红绿蓝黄紫红青Transparency透明半透明不透明字体尺寸50%75%100%125%150%175%200%300%400%字体边缘样式无浮雕压低均匀下阴影字体库比例无细体单间隔无细体比例细体单间隔细体舒适手写体小型大写字体重置 恢复全部设定至预设值完成关闭弹窗结束对话窗口关闭 \n    \n  \n    var config = {\n      env: \'prod\',\n      version: \'v2.10.15\',\n      login: [][0],\n      st: \'2d8dc6\',\n      uid: \'\',\n      pageConfig: [null][0] || {},\n      preferQuickapp: \'0\',\n      wm: \'\'\n    }\n  var $render_data = [{\n    \"showPSWLogin\": 1\n}][0] || {};\n  var __wb_performance_data={v:\"v8\",m:\"mainsite\",pwa:1,sw:0};\n  \n  \n\n\n\n', '\n                  榜单\n                  ', '\n                  热门\n                  ');
INSERT INTO `host` VALUES (5, '\n              Amy-爱米\n              ', 'https://m.weibo.cn/profile/7519055580', 'https://tvax1.sinaimg.cn/crop.0.0.455.455.180/008cRbQ0ly8h4v7gwtssoj30cn0cnmxo.jpg?KID=imgbed,tva&Expires=1666271379&ssig=NRspfFZlPG', '2001-10-18 18:30:00', ' 来自 微博视频号', '妈妈嫉妒女儿漂亮，竟把她的头发剃光，还埋在面粉里10小时\n\n#电影种草官##影迷嘉年华# Amy-爱米的微博视频', 'https://m.weibo.cn/search?containerid=231522type%3D1%26t%3D10%26q%3D%23%E7%94%B5%E5%BD%B1%E7%A7%8D%E8%8D%89%E5%AE%98%23&extparam=%23%E7%94%B5%E5%BD%B1%E7%A7%8D%E8%8D%89%E5%AE%98%23&luicode=10000011&lfid=102803', '#电影种草官#', 'https://m.weibo.cn/search?containerid=231522type%3D1%26t%3D10%26q%3D%23%E5%BD%B1%E8%BF%B7%E5%98%89%E5%B9%B4%E5%8D%8E%23&luicode=10000011&lfid=102803', 'https://h5.sinaimg.cn/upload/2015/09/25/3/timeline_card_small_video_default.png', 'Amy-爱米的微博视频', 'https://wx4.sinaimg.cn/orj480/008cRbQ0gy1h79m9st7e7j31hc0u0tim.jpg', '\n          95万次播放\n        ', NULL, '\n      33\n    ', '\n      56\n    ', '1024', '\n  大家都在搜：#被李诞的话抚平了职场焦虑#\n                  热门\n                  \n                  榜单\n                  \n                  新鲜事\n                  \n                  同城\n                  \n                  科技\n                  \n                  明星\n                  \n                  电影\n                  \n                  音乐\n                  \n                  数码\n                  \n                  汽车\n                  \n                  游戏\n                  下拉刷新\n              内蒙古晨报\n              4小时前 来自 微博视频号【万物皆有灵！#女生校内晕倒2流浪狗舔鼻唤醒#】10月18日，陕西杨凌。一女生突发身体不适，蹲地后两眼发黑失去意识，校园内两只流浪狗跑来拱她的背，隔着口罩舔她鼻子将她唤醒。刘同学称，最近由于节食和熬夜，身体状态不是太好，狗狗们大概舔了1分钟自己才完全清醒，之前和这2只小狗都不太熟悉 ...全文\n          1367万次播放\n        0:46\n      1\n    \n      评论\n    23\n              巧克梨Q\n              10-12 15:55 来自 新版微博 weibo.com到底拿了多少倍的显微镜看的 \n      4\n    \n      4\n    198\n              沸点视频\n              10-18 21:53 来自 微博视频号【#女子剖腹产后被家人用吊篮抬上7楼# 妹妹：有趣又有爱】10月16日，福建漳州，产妇妹妹张女士称，姐姐刚生完宝宝出院，家人怕她刀口痛，刚好家里阳台有吊篮，就让姐姐坐进吊篮里抬上去了。张女士说，姐姐是剖腹产，家里住在7楼，虽然她可以自己慢慢走上去，但是家人心疼她。 沸点视频的微博视频 \n          754万次播放\n        0:11\n      931\n    \n      4515\n    10万\n              海陆\n              2小时前 来自 iPhone 13 Pro Max最美的你是嫁给爱情的样子，@张檬 宝贝愿岁月可回首，且以深情共白头，祝新婚快乐！❤ \n      2795\n    \n      1052\n    3124\n              Amy-爱米\n              10-18 18:30 来自 微博视频号妈妈嫉妒女儿漂亮，竟把她的头发剃光，还埋在面粉里10小时#电影种草官##影迷嘉年华# Amy-爱米的微博视频 \n          95万次播放\n        3:53\n      33\n    \n      56\n    1024\n              周杰伦_bot\n              10-16 22:33我哥带着老婆出来逛逛好幸福 \n      51\n    \n      149\n    2883\n              聋子小哥\n              10-5 08:07 来自 iPhone 8 Plus画葡萄，葡萄真不真 聋子小哥的微博视频 \n          49万次播放\n        0:17\n      74\n    \n      26\n    1184\n              重生之我是二b\n              10-19 08:31 来自 禁止空瓶iPhone客户端？？？居然是真的 \n      63\n    \n      251\n    8047\n              都市时报\n              10-18 16:47 来自 微博视频号\n              已编辑【特别的缘分！#学生在老师毕设中发现8年前的自己#】10月17日，云南红河。一名大二男生在老师播放的纪录片中，发现8年前的自己。据当事人薛老师描述：播放的纪录片为自己研究生时期的毕业作品，画面中穿蓝色衣服的小男孩是自己的学生，当年他还只是一名小学生。知道这个消息时，自己和其他同学都特别惊 ...全文\n          603万次播放\n        0:20\n      379\n    \n      559\n    2.8万\n              瑞瑞Kyra\n              10-5 14:21 来自 瑞瑞iPhone 11婚期已定，静待佳音❤️#我们订婚啦# \n      8\n    \n      32\n    257登录/注册正在加载 视频播放器。播放静音当前时间 0:00/时长 0:00加载完成: 0%媒体流类型 直播全屏打开对话窗口。Escape键将取消并关闭对话窗口文字Color白黑红绿蓝黄紫红青Transparency不透明半透明背景Color黑白红绿蓝黄紫红青Transparency不透明半透明透明窗口Color黑白红绿蓝黄紫红青Transparency透明半透明不透明字体尺寸50%75%100%125%150%175%200%300%400%字体边缘样式无浮雕压低均匀下阴影字体库比例无细体单间隔无细体比例细体单间隔细体舒适手写体小型大写字体重置 恢复全部设定至预设值完成关闭弹窗结束对话窗口关闭 \n    \n  \n    var config = {\n      env: \'prod\',\n      version: \'v2.10.15\',\n      login: [][0],\n      st: \'2d8dc6\',\n      uid: \'\',\n      pageConfig: [null][0] || {},\n      preferQuickapp: \'0\',\n      wm: \'\'\n    }\n  var $render_data = [{\n    \"showPSWLogin\": 1\n}][0] || {};\n  var __wb_performance_data={v:\"v8\",m:\"mainsite\",pwa:1,sw:0};\n  \n  \n\n\n\n', '\n                  榜单\n                  ', '\n                  热门\n                  ');
INSERT INTO `host` VALUES (6, '\n              周杰伦_bot\n              ', 'https://m.weibo.cn/profile/5254886684', 'https://tvax3.sinaimg.cn/crop.0.0.1080.1080.180/005JCY4Qly8h76f9ldf1xj30u00u0dgc.jpg?KID=imgbed,tva&Expires=1666271379&ssig=xp%2BUsvl7me', '2001-10-16 22:33:00', '', '我哥带着老婆出来逛逛好幸福 ', '', '', '', 'https://h5.sinaimg.cn/m/emoticon/icon/others/l_xin-43af9086c0.png', '', 'https://wx3.sinaimg.cn/orj360/005JCY4Qgy1h77i46vmlkj30zu0p148a.jpg', '', NULL, '\n      51\n    ', '\n      149\n    ', '2883', '\n  大家都在搜：#被李诞的话抚平了职场焦虑#\n                  热门\n                  \n                  榜单\n                  \n                  新鲜事\n                  \n                  同城\n                  \n                  科技\n                  \n                  明星\n                  \n                  电影\n                  \n                  音乐\n                  \n                  数码\n                  \n                  汽车\n                  \n                  游戏\n                  下拉刷新\n              内蒙古晨报\n              4小时前 来自 微博视频号【万物皆有灵！#女生校内晕倒2流浪狗舔鼻唤醒#】10月18日，陕西杨凌。一女生突发身体不适，蹲地后两眼发黑失去意识，校园内两只流浪狗跑来拱她的背，隔着口罩舔她鼻子将她唤醒。刘同学称，最近由于节食和熬夜，身体状态不是太好，狗狗们大概舔了1分钟自己才完全清醒，之前和这2只小狗都不太熟悉 ...全文\n          1367万次播放\n        0:46\n      1\n    \n      评论\n    23\n              巧克梨Q\n              10-12 15:55 来自 新版微博 weibo.com到底拿了多少倍的显微镜看的 \n      4\n    \n      4\n    198\n              沸点视频\n              10-18 21:53 来自 微博视频号【#女子剖腹产后被家人用吊篮抬上7楼# 妹妹：有趣又有爱】10月16日，福建漳州，产妇妹妹张女士称，姐姐刚生完宝宝出院，家人怕她刀口痛，刚好家里阳台有吊篮，就让姐姐坐进吊篮里抬上去了。张女士说，姐姐是剖腹产，家里住在7楼，虽然她可以自己慢慢走上去，但是家人心疼她。 沸点视频的微博视频 \n          754万次播放\n        0:11\n      931\n    \n      4515\n    10万\n              海陆\n              2小时前 来自 iPhone 13 Pro Max最美的你是嫁给爱情的样子，@张檬 宝贝愿岁月可回首，且以深情共白头，祝新婚快乐！❤ \n      2795\n    \n      1052\n    3124\n              Amy-爱米\n              10-18 18:30 来自 微博视频号妈妈嫉妒女儿漂亮，竟把她的头发剃光，还埋在面粉里10小时#电影种草官##影迷嘉年华# Amy-爱米的微博视频 \n          95万次播放\n        3:53\n      33\n    \n      56\n    1024\n              周杰伦_bot\n              10-16 22:33我哥带着老婆出来逛逛好幸福 \n      51\n    \n      149\n    2883\n              聋子小哥\n              10-5 08:07 来自 iPhone 8 Plus画葡萄，葡萄真不真 聋子小哥的微博视频 \n          49万次播放\n        0:17\n      74\n    \n      26\n    1184\n              重生之我是二b\n              10-19 08:31 来自 禁止空瓶iPhone客户端？？？居然是真的 \n      63\n    \n      251\n    8047\n              都市时报\n              10-18 16:47 来自 微博视频号\n              已编辑【特别的缘分！#学生在老师毕设中发现8年前的自己#】10月17日，云南红河。一名大二男生在老师播放的纪录片中，发现8年前的自己。据当事人薛老师描述：播放的纪录片为自己研究生时期的毕业作品，画面中穿蓝色衣服的小男孩是自己的学生，当年他还只是一名小学生。知道这个消息时，自己和其他同学都特别惊 ...全文\n          603万次播放\n        0:20\n      379\n    \n      559\n    2.8万\n              瑞瑞Kyra\n              10-5 14:21 来自 瑞瑞iPhone 11婚期已定，静待佳音❤️#我们订婚啦# \n      8\n    \n      32\n    257登录/注册正在加载 视频播放器。播放静音当前时间 0:00/时长 0:00加载完成: 0%媒体流类型 直播全屏打开对话窗口。Escape键将取消并关闭对话窗口文字Color白黑红绿蓝黄紫红青Transparency不透明半透明背景Color黑白红绿蓝黄紫红青Transparency不透明半透明透明窗口Color黑白红绿蓝黄紫红青Transparency透明半透明不透明字体尺寸50%75%100%125%150%175%200%300%400%字体边缘样式无浮雕压低均匀下阴影字体库比例无细体单间隔无细体比例细体单间隔细体舒适手写体小型大写字体重置 恢复全部设定至预设值完成关闭弹窗结束对话窗口关闭 \n    \n  \n    var config = {\n      env: \'prod\',\n      version: \'v2.10.15\',\n      login: [][0],\n      st: \'2d8dc6\',\n      uid: \'\',\n      pageConfig: [null][0] || {},\n      preferQuickapp: \'0\',\n      wm: \'\'\n    }\n  var $render_data = [{\n    \"showPSWLogin\": 1\n}][0] || {};\n  var __wb_performance_data={v:\"v8\",m:\"mainsite\",pwa:1,sw:0};\n  \n  \n\n\n\n', '\n                  榜单\n                  ', '\n                  热门\n                  ');
INSERT INTO `host` VALUES (7, '\n              聋子小哥\n              ', 'https://m.weibo.cn/profile/1685767727', 'https://tvax2.sinaimg.cn/crop.50.386.1881.1881.180/647ac62fly8ftirskw8oaj21ho1zktjf.jpg?KID=imgbed,tva&Expires=1666271379&ssig=kJKxGZe7b6', '2001-10-05 08:07:00', ' 来自 iPhone 8 Plus', '画葡萄，葡萄真不真 聋子小哥的微博视频 ', 'https://video.weibo.com/show?fid=1034:4821121359609928', '聋子小哥的微博视频', '', 'https://h5.sinaimg.cn/upload/2015/09/25/3/timeline_card_small_video_default.png', '聋子小哥的微博视频', 'https://wx1.sinaimg.cn/orj480/647ac62fgy1h6u39xfcq1j20u01hcgrz.jpg', '\n          49万次播放\n        ', NULL, '\n      74\n    ', '\n      26\n    ', '1184', '\n  大家都在搜：#被李诞的话抚平了职场焦虑#\n                  热门\n                  \n                  榜单\n                  \n                  新鲜事\n                  \n                  同城\n                  \n                  科技\n                  \n                  明星\n                  \n                  电影\n                  \n                  音乐\n                  \n                  数码\n                  \n                  汽车\n                  \n                  游戏\n                  下拉刷新\n              内蒙古晨报\n              4小时前 来自 微博视频号【万物皆有灵！#女生校内晕倒2流浪狗舔鼻唤醒#】10月18日，陕西杨凌。一女生突发身体不适，蹲地后两眼发黑失去意识，校园内两只流浪狗跑来拱她的背，隔着口罩舔她鼻子将她唤醒。刘同学称，最近由于节食和熬夜，身体状态不是太好，狗狗们大概舔了1分钟自己才完全清醒，之前和这2只小狗都不太熟悉 ...全文\n          1367万次播放\n        0:46\n      1\n    \n      评论\n    23\n              巧克梨Q\n              10-12 15:55 来自 新版微博 weibo.com到底拿了多少倍的显微镜看的 \n      4\n    \n      4\n    198\n              沸点视频\n              10-18 21:53 来自 微博视频号【#女子剖腹产后被家人用吊篮抬上7楼# 妹妹：有趣又有爱】10月16日，福建漳州，产妇妹妹张女士称，姐姐刚生完宝宝出院，家人怕她刀口痛，刚好家里阳台有吊篮，就让姐姐坐进吊篮里抬上去了。张女士说，姐姐是剖腹产，家里住在7楼，虽然她可以自己慢慢走上去，但是家人心疼她。 沸点视频的微博视频 \n          754万次播放\n        0:11\n      931\n    \n      4515\n    10万\n              海陆\n              2小时前 来自 iPhone 13 Pro Max最美的你是嫁给爱情的样子，@张檬 宝贝愿岁月可回首，且以深情共白头，祝新婚快乐！❤ \n      2795\n    \n      1052\n    3124\n              Amy-爱米\n              10-18 18:30 来自 微博视频号妈妈嫉妒女儿漂亮，竟把她的头发剃光，还埋在面粉里10小时#电影种草官##影迷嘉年华# Amy-爱米的微博视频 \n          95万次播放\n        3:53\n      33\n    \n      56\n    1024\n              周杰伦_bot\n              10-16 22:33我哥带着老婆出来逛逛好幸福 \n      51\n    \n      149\n    2883\n              聋子小哥\n              10-5 08:07 来自 iPhone 8 Plus画葡萄，葡萄真不真 聋子小哥的微博视频 \n          49万次播放\n        0:17\n      74\n    \n      26\n    1184\n              重生之我是二b\n              10-19 08:31 来自 禁止空瓶iPhone客户端？？？居然是真的 \n      63\n    \n      251\n    8047\n              都市时报\n              10-18 16:47 来自 微博视频号\n              已编辑【特别的缘分！#学生在老师毕设中发现8年前的自己#】10月17日，云南红河。一名大二男生在老师播放的纪录片中，发现8年前的自己。据当事人薛老师描述：播放的纪录片为自己研究生时期的毕业作品，画面中穿蓝色衣服的小男孩是自己的学生，当年他还只是一名小学生。知道这个消息时，自己和其他同学都特别惊 ...全文\n          603万次播放\n        0:20\n      379\n    \n      559\n    2.8万\n              瑞瑞Kyra\n              10-5 14:21 来自 瑞瑞iPhone 11婚期已定，静待佳音❤️#我们订婚啦# \n      8\n    \n      32\n    257登录/注册正在加载 视频播放器。播放静音当前时间 0:00/时长 0:00加载完成: 0%媒体流类型 直播全屏打开对话窗口。Escape键将取消并关闭对话窗口文字Color白黑红绿蓝黄紫红青Transparency不透明半透明背景Color黑白红绿蓝黄紫红青Transparency不透明半透明透明窗口Color黑白红绿蓝黄紫红青Transparency透明半透明不透明字体尺寸50%75%100%125%150%175%200%300%400%字体边缘样式无浮雕压低均匀下阴影字体库比例无细体单间隔无细体比例细体单间隔细体舒适手写体小型大写字体重置 恢复全部设定至预设值完成关闭弹窗结束对话窗口关闭 \n    \n  \n    var config = {\n      env: \'prod\',\n      version: \'v2.10.15\',\n      login: [][0],\n      st: \'2d8dc6\',\n      uid: \'\',\n      pageConfig: [null][0] || {},\n      preferQuickapp: \'0\',\n      wm: \'\'\n    }\n  var $render_data = [{\n    \"showPSWLogin\": 1\n}][0] || {};\n  var __wb_performance_data={v:\"v8\",m:\"mainsite\",pwa:1,sw:0};\n  \n  \n\n\n\n', '\n                  榜单\n                  ', '\n                  热门\n                  ');
INSERT INTO `host` VALUES (8, '\n              重生之我是二b\n              ', 'https://m.weibo.cn/profile/7414093193', 'https://tvax1.sinaimg.cn/crop.0.0.1080.1080.180/0085KMkhly8h547osgmjcj30u00u0wew.jpg?KID=imgbed,tva&Expires=1666271379&ssig=lydNbRcUkh', '2001-10-19 08:31:00', ' 来自 禁止空瓶iPhone客户端', '？？？居然是真的 ', '', '', '', '', '', 'https://wx2.sinaimg.cn/orj360/0085KMkhgy1h7aao0byljj30zo0qewlx.jpg', '', NULL, '\n      63\n    ', '\n      251\n    ', '8047', '\n  大家都在搜：#被李诞的话抚平了职场焦虑#\n                  热门\n                  \n                  榜单\n                  \n                  新鲜事\n                  \n                  同城\n                  \n                  科技\n                  \n                  明星\n                  \n                  电影\n                  \n                  音乐\n                  \n                  数码\n                  \n                  汽车\n                  \n                  游戏\n                  下拉刷新\n              内蒙古晨报\n              4小时前 来自 微博视频号【万物皆有灵！#女生校内晕倒2流浪狗舔鼻唤醒#】10月18日，陕西杨凌。一女生突发身体不适，蹲地后两眼发黑失去意识，校园内两只流浪狗跑来拱她的背，隔着口罩舔她鼻子将她唤醒。刘同学称，最近由于节食和熬夜，身体状态不是太好，狗狗们大概舔了1分钟自己才完全清醒，之前和这2只小狗都不太熟悉 ...全文\n          1367万次播放\n        0:46\n      1\n    \n      评论\n    23\n              巧克梨Q\n              10-12 15:55 来自 新版微博 weibo.com到底拿了多少倍的显微镜看的 \n      4\n    \n      4\n    198\n              沸点视频\n              10-18 21:53 来自 微博视频号【#女子剖腹产后被家人用吊篮抬上7楼# 妹妹：有趣又有爱】10月16日，福建漳州，产妇妹妹张女士称，姐姐刚生完宝宝出院，家人怕她刀口痛，刚好家里阳台有吊篮，就让姐姐坐进吊篮里抬上去了。张女士说，姐姐是剖腹产，家里住在7楼，虽然她可以自己慢慢走上去，但是家人心疼她。 沸点视频的微博视频 \n          754万次播放\n        0:11\n      931\n    \n      4515\n    10万\n              海陆\n              2小时前 来自 iPhone 13 Pro Max最美的你是嫁给爱情的样子，@张檬 宝贝愿岁月可回首，且以深情共白头，祝新婚快乐！❤ \n      2795\n    \n      1052\n    3124\n              Amy-爱米\n              10-18 18:30 来自 微博视频号妈妈嫉妒女儿漂亮，竟把她的头发剃光，还埋在面粉里10小时#电影种草官##影迷嘉年华# Amy-爱米的微博视频 \n          95万次播放\n        3:53\n      33\n    \n      56\n    1024\n              周杰伦_bot\n              10-16 22:33我哥带着老婆出来逛逛好幸福 \n      51\n    \n      149\n    2883\n              聋子小哥\n              10-5 08:07 来自 iPhone 8 Plus画葡萄，葡萄真不真 聋子小哥的微博视频 \n          49万次播放\n        0:17\n      74\n    \n      26\n    1184\n              重生之我是二b\n              10-19 08:31 来自 禁止空瓶iPhone客户端？？？居然是真的 \n      63\n    \n      251\n    8047\n              都市时报\n              10-18 16:47 来自 微博视频号\n              已编辑【特别的缘分！#学生在老师毕设中发现8年前的自己#】10月17日，云南红河。一名大二男生在老师播放的纪录片中，发现8年前的自己。据当事人薛老师描述：播放的纪录片为自己研究生时期的毕业作品，画面中穿蓝色衣服的小男孩是自己的学生，当年他还只是一名小学生。知道这个消息时，自己和其他同学都特别惊 ...全文\n          603万次播放\n        0:20\n      379\n    \n      559\n    2.8万\n              瑞瑞Kyra\n              10-5 14:21 来自 瑞瑞iPhone 11婚期已定，静待佳音❤️#我们订婚啦# \n      8\n    \n      32\n    257登录/注册正在加载 视频播放器。播放静音当前时间 0:00/时长 0:00加载完成: 0%媒体流类型 直播全屏打开对话窗口。Escape键将取消并关闭对话窗口文字Color白黑红绿蓝黄紫红青Transparency不透明半透明背景Color黑白红绿蓝黄紫红青Transparency不透明半透明透明窗口Color黑白红绿蓝黄紫红青Transparency透明半透明不透明字体尺寸50%75%100%125%150%175%200%300%400%字体边缘样式无浮雕压低均匀下阴影字体库比例无细体单间隔无细体比例细体单间隔细体舒适手写体小型大写字体重置 恢复全部设定至预设值完成关闭弹窗结束对话窗口关闭 \n    \n  \n    var config = {\n      env: \'prod\',\n      version: \'v2.10.15\',\n      login: [][0],\n      st: \'2d8dc6\',\n      uid: \'\',\n      pageConfig: [null][0] || {},\n      preferQuickapp: \'0\',\n      wm: \'\'\n    }\n  var $render_data = [{\n    \"showPSWLogin\": 1\n}][0] || {};\n  var __wb_performance_data={v:\"v8\",m:\"mainsite\",pwa:1,sw:0};\n  \n  \n\n\n\n', '\n                  榜单\n                  ', '\n                  热门\n                  ');
INSERT INTO `host` VALUES (9, '\n              都市时报\n              ', 'https://m.weibo.cn/profile/1389537561', 'https://tvax3.sinaimg.cn/crop.341.368.1194.1194.180/52d2a919ly8focg7ewyulj21kw1jj790.jpg?KID=imgbed,tva&Expires=1666271379&ssig=bBuFqaiREA', '2001-10-18 16:47:00', ' 来自 微博视频号', '【特别的缘分！#学生在老师毕设中发现8年前的自己#】10月17日，云南红河。一名大二男生在老师播放的纪录片中，发现8年前的自己。据当事人薛老师描述：播放的纪录片为自己研究生时期的毕业作品，画面中穿蓝色衣服的小男孩是自己的学生，当年他还只是一名小学生。知道这个消息时，自己和其他同学都特别惊 ...全文', 'https://m.weibo.cn/search?containerid=231522type%3D1%26t%3D10%26q%3D%23%E5%AD%A6%E7%94%9F%E5%9C%A8%E8%80%81%E5%B8%88%E6%AF%95%E8%AE%BE%E4%B8%AD%E5%8F%91%E7%8E%B08%E5%B9%B4%E5%89%8D%E7%9A%84%E8%87%AA%E5%B7%B1%23&extparam=%23%E5%AD%A6%E7%94%9F%E5%9C%A8%E8%80%81%E5%B8%88%E6%AF%95%E8%AE%BE%E4%B8%AD%E5%8F%91%E7%8E%B08%E5%B9%B4%E5%89%8D%E7%9A%84%E8%87%AA%E5%B7%B1%23&luicode=10000011&lfid=102803', '#学生在老师毕设中发现8年前的自己#', 'https://m.weibo.cn/status/4825963558341012', '', '', 'https://wx4.sinaimg.cn/orj480/52d2a919gy1h79jcgpywuj20u01hctcc.jpg', '\n          603万次播放\n        ', NULL, '\n      379\n    ', '\n      559\n    ', '2.8万', '\n  大家都在搜：#被李诞的话抚平了职场焦虑#\n                  热门\n                  \n                  榜单\n                  \n                  新鲜事\n                  \n                  同城\n                  \n                  科技\n                  \n                  明星\n                  \n                  电影\n                  \n                  音乐\n                  \n                  数码\n                  \n                  汽车\n                  \n                  游戏\n                  下拉刷新\n              内蒙古晨报\n              4小时前 来自 微博视频号【万物皆有灵！#女生校内晕倒2流浪狗舔鼻唤醒#】10月18日，陕西杨凌。一女生突发身体不适，蹲地后两眼发黑失去意识，校园内两只流浪狗跑来拱她的背，隔着口罩舔她鼻子将她唤醒。刘同学称，最近由于节食和熬夜，身体状态不是太好，狗狗们大概舔了1分钟自己才完全清醒，之前和这2只小狗都不太熟悉 ...全文\n          1367万次播放\n        0:46\n      1\n    \n      评论\n    23\n              巧克梨Q\n              10-12 15:55 来自 新版微博 weibo.com到底拿了多少倍的显微镜看的 \n      4\n    \n      4\n    198\n              沸点视频\n              10-18 21:53 来自 微博视频号【#女子剖腹产后被家人用吊篮抬上7楼# 妹妹：有趣又有爱】10月16日，福建漳州，产妇妹妹张女士称，姐姐刚生完宝宝出院，家人怕她刀口痛，刚好家里阳台有吊篮，就让姐姐坐进吊篮里抬上去了。张女士说，姐姐是剖腹产，家里住在7楼，虽然她可以自己慢慢走上去，但是家人心疼她。 沸点视频的微博视频 \n          754万次播放\n        0:11\n      931\n    \n      4515\n    10万\n              海陆\n              2小时前 来自 iPhone 13 Pro Max最美的你是嫁给爱情的样子，@张檬 宝贝愿岁月可回首，且以深情共白头，祝新婚快乐！❤ \n      2795\n    \n      1052\n    3124\n              Amy-爱米\n              10-18 18:30 来自 微博视频号妈妈嫉妒女儿漂亮，竟把她的头发剃光，还埋在面粉里10小时#电影种草官##影迷嘉年华# Amy-爱米的微博视频 \n          95万次播放\n        3:53\n      33\n    \n      56\n    1024\n              周杰伦_bot\n              10-16 22:33我哥带着老婆出来逛逛好幸福 \n      51\n    \n      149\n    2883\n              聋子小哥\n              10-5 08:07 来自 iPhone 8 Plus画葡萄，葡萄真不真 聋子小哥的微博视频 \n          49万次播放\n        0:17\n      74\n    \n      26\n    1184\n              重生之我是二b\n              10-19 08:31 来自 禁止空瓶iPhone客户端？？？居然是真的 \n      63\n    \n      251\n    8047\n              都市时报\n              10-18 16:47 来自 微博视频号\n              已编辑【特别的缘分！#学生在老师毕设中发现8年前的自己#】10月17日，云南红河。一名大二男生在老师播放的纪录片中，发现8年前的自己。据当事人薛老师描述：播放的纪录片为自己研究生时期的毕业作品，画面中穿蓝色衣服的小男孩是自己的学生，当年他还只是一名小学生。知道这个消息时，自己和其他同学都特别惊 ...全文\n          603万次播放\n        0:20\n      379\n    \n      559\n    2.8万\n              瑞瑞Kyra\n              10-5 14:21 来自 瑞瑞iPhone 11婚期已定，静待佳音❤️#我们订婚啦# \n      8\n    \n      32\n    257登录/注册正在加载 视频播放器。播放静音当前时间 0:00/时长 0:00加载完成: 0%媒体流类型 直播全屏打开对话窗口。Escape键将取消并关闭对话窗口文字Color白黑红绿蓝黄紫红青Transparency不透明半透明背景Color黑白红绿蓝黄紫红青Transparency不透明半透明透明窗口Color黑白红绿蓝黄紫红青Transparency透明半透明不透明字体尺寸50%75%100%125%150%175%200%300%400%字体边缘样式无浮雕压低均匀下阴影字体库比例无细体单间隔无细体比例细体单间隔细体舒适手写体小型大写字体重置 恢复全部设定至预设值完成关闭弹窗结束对话窗口关闭 \n    \n  \n    var config = {\n      env: \'prod\',\n      version: \'v2.10.15\',\n      login: [][0],\n      st: \'2d8dc6\',\n      uid: \'\',\n      pageConfig: [null][0] || {},\n      preferQuickapp: \'0\',\n      wm: \'\'\n    }\n  var $render_data = [{\n    \"showPSWLogin\": 1\n}][0] || {};\n  var __wb_performance_data={v:\"v8\",m:\"mainsite\",pwa:1,sw:0};\n  \n  \n\n\n\n', '\n                  榜单\n                  ', '\n                  热门\n                  ');
INSERT INTO `host` VALUES (10, '\n              瑞瑞Kyra\n              ', 'https://m.weibo.cn/profile/3722461024', 'https://tvax1.sinaimg.cn/crop.0.0.1080.1080.180/dde03f60ly8h1dyq2ojb3j20u00u0ae9.jpg?KID=imgbed,tva&Expires=1666271379&ssig=qN129Zq%2Fb1', '2001-10-05 14:21:00', ' 来自 瑞瑞iPhone 11', '婚期已定，静待佳音❤️\n#我们订婚啦#', 'https://m.weibo.cn/search?containerid=231522type%3D1%26t%3D10%26q%3D%23%E6%88%91%E4%BB%AC%E8%AE%A2%E5%A9%9A%E5%95%A6%23&luicode=10000011&lfid=102803', '#我们订婚啦#', '', '', '', 'https://wx2.sinaimg.cn/orj360/dde03f60ly1h6udxvc9nzj20tu0tuwkp.jpg', '', NULL, '\n      8\n    ', '\n      32\n    ', '257', '\n  大家都在搜：#被李诞的话抚平了职场焦虑#\n                  热门\n                  \n                  榜单\n                  \n                  新鲜事\n                  \n                  同城\n                  \n                  科技\n                  \n                  明星\n                  \n                  电影\n                  \n                  音乐\n                  \n                  数码\n                  \n                  汽车\n                  \n                  游戏\n                  下拉刷新\n              内蒙古晨报\n              4小时前 来自 微博视频号【万物皆有灵！#女生校内晕倒2流浪狗舔鼻唤醒#】10月18日，陕西杨凌。一女生突发身体不适，蹲地后两眼发黑失去意识，校园内两只流浪狗跑来拱她的背，隔着口罩舔她鼻子将她唤醒。刘同学称，最近由于节食和熬夜，身体状态不是太好，狗狗们大概舔了1分钟自己才完全清醒，之前和这2只小狗都不太熟悉 ...全文\n          1367万次播放\n        0:46\n      1\n    \n      评论\n    23\n              巧克梨Q\n              10-12 15:55 来自 新版微博 weibo.com到底拿了多少倍的显微镜看的 \n      4\n    \n      4\n    198\n              沸点视频\n              10-18 21:53 来自 微博视频号【#女子剖腹产后被家人用吊篮抬上7楼# 妹妹：有趣又有爱】10月16日，福建漳州，产妇妹妹张女士称，姐姐刚生完宝宝出院，家人怕她刀口痛，刚好家里阳台有吊篮，就让姐姐坐进吊篮里抬上去了。张女士说，姐姐是剖腹产，家里住在7楼，虽然她可以自己慢慢走上去，但是家人心疼她。 沸点视频的微博视频 \n          754万次播放\n        0:11\n      931\n    \n      4515\n    10万\n              海陆\n              2小时前 来自 iPhone 13 Pro Max最美的你是嫁给爱情的样子，@张檬 宝贝愿岁月可回首，且以深情共白头，祝新婚快乐！❤ \n      2795\n    \n      1052\n    3124\n              Amy-爱米\n              10-18 18:30 来自 微博视频号妈妈嫉妒女儿漂亮，竟把她的头发剃光，还埋在面粉里10小时#电影种草官##影迷嘉年华# Amy-爱米的微博视频 \n          95万次播放\n        3:53\n      33\n    \n      56\n    1024\n              周杰伦_bot\n              10-16 22:33我哥带着老婆出来逛逛好幸福 \n      51\n    \n      149\n    2883\n              聋子小哥\n              10-5 08:07 来自 iPhone 8 Plus画葡萄，葡萄真不真 聋子小哥的微博视频 \n          49万次播放\n        0:17\n      74\n    \n      26\n    1184\n              重生之我是二b\n              10-19 08:31 来自 禁止空瓶iPhone客户端？？？居然是真的 \n      63\n    \n      251\n    8047\n              都市时报\n              10-18 16:47 来自 微博视频号\n              已编辑【特别的缘分！#学生在老师毕设中发现8年前的自己#】10月17日，云南红河。一名大二男生在老师播放的纪录片中，发现8年前的自己。据当事人薛老师描述：播放的纪录片为自己研究生时期的毕业作品，画面中穿蓝色衣服的小男孩是自己的学生，当年他还只是一名小学生。知道这个消息时，自己和其他同学都特别惊 ...全文\n          603万次播放\n        0:20\n      379\n    \n      559\n    2.8万\n              瑞瑞Kyra\n              10-5 14:21 来自 瑞瑞iPhone 11婚期已定，静待佳音❤️#我们订婚啦# \n      8\n    \n      32\n    257登录/注册正在加载 视频播放器。播放静音当前时间 0:00/时长 0:00加载完成: 0%媒体流类型 直播全屏打开对话窗口。Escape键将取消并关闭对话窗口文字Color白黑红绿蓝黄紫红青Transparency不透明半透明背景Color黑白红绿蓝黄紫红青Transparency不透明半透明透明窗口Color黑白红绿蓝黄紫红青Transparency透明半透明不透明字体尺寸50%75%100%125%150%175%200%300%400%字体边缘样式无浮雕压低均匀下阴影字体库比例无细体单间隔无细体比例细体单间隔细体舒适手写体小型大写字体重置 恢复全部设定至预设值完成关闭弹窗结束对话窗口关闭 \n    \n  \n    var config = {\n      env: \'prod\',\n      version: \'v2.10.15\',\n      login: [][0],\n      st: \'2d8dc6\',\n      uid: \'\',\n      pageConfig: [null][0] || {},\n      preferQuickapp: \'0\',\n      wm: \'\'\n    }\n  var $render_data = [{\n    \"showPSWLogin\": 1\n}][0] || {};\n  var __wb_performance_data={v:\"v8\",m:\"mainsite\",pwa:1,sw:0};\n  \n  \n\n\n\n', '\n                  榜单\n                  ', '\n                  热门\n                  ');
INSERT INTO `host` VALUES (11, '\n              沸点视频\n              ', 'https://m.weibo.cn/profile/5145725878', 'https://tvax2.sinaimg.cn/crop.0.0.1080.1080.180/005CeWmGly8h0qfcu1d7rj30u00u00th.jpg?KID=imgbed,tva&Expires=1666272345&ssig=OMX73RJ%2B28', '2001-10-12 15:55:00', ' 来自 微博视频号', '【#3岁男孩偷酸奶被奶奶坚持送派出所# 拍摄者：底线问题不能惯】10月17日，湖南娄底，3岁男孩从邻居家拿了瓶酸奶，亲奶奶发现后坚持要送孩子到派出所。目击者刘先生称，有人觉得奶奶野蛮粗暴，我倒觉得这是三观最正的教育，孩子的底线问题不能惯，一定要让他记忆深刻。#蓝v视界#娄底  ...全文', 'https://m.weibo.cn/search?containerid=231522type%3D1%26t%3D10%26q%3D%233%E5%B2%81%E7%94%B7%E5%AD%A9%E5%81%B7%E9%85%B8%E5%A5%B6%E8%A2%AB%E5%A5%B6%E5%A5%B6%E5%9D%9A%E6%8C%81%E9%80%81%E6%B4%BE%E5%87%BA%E6%89%80%23&extparam=%233%E5%B2%81%E7%94%B7%E5%AD%A9%E5%81%B7%E9%85%B8%E5%A5%B6%E8%A2%AB%E5%A5%B6%E5%A5%B6%E5%9D%9A%E6%8C%81%E9%80%81%E6%B4%BE%E5%87%BA%E6%89%80%23&luicode=10000011&lfid=102803', '#3岁男孩偷酸奶被奶奶坚持送派出所#', 'https://m.weibo.cn/search?containerid=231522type%3D1%26t%3D10%26q%3D%23%E8%93%9Dv%E8%A7%86%E7%95%8C%23&extparam=%23%E8%93%9Dv%E8%A7%86%E7%95%8C%23&luicode=10000011&lfid=102803', 'https://h5.sinaimg.cn/upload/2015/09/25/3/timeline_card_small_location_default.png', '娄底', 'https://wx2.sinaimg.cn/orj480/005CeWmGly1h7az8s6kgpj30u01hc49c.jpg', '\n          430万次播放\n        ', NULL, '\n      559\n    ', '\n      3350\n    ', '5.7万', '\n  大家都在搜：#这羊驼怎么人里人气的#\n                  热门\n                  \n                  榜单\n                  \n                  新鲜事\n                  \n                  同城\n                  \n                  科技\n                  \n                  明星\n                  \n                  电影\n                  \n                  音乐\n                  \n                  数码\n                  \n                  汽车\n                  \n                  游戏\n                  下拉刷新\n              沸点视频\n              昨天 22:43 来自 微博视频号【#3岁男孩偷酸奶被奶奶坚持送派出所# 拍摄者：底线问题不能惯】10月17日，湖南娄底，3岁男孩从邻居家拿了瓶酸奶，亲奶奶发现后坚持要送孩子到派出所。目击者刘先生称，有人觉得奶奶野蛮粗暴，我倒觉得这是三观最正的教育，孩子的底线问题不能惯，一定要让他记忆深刻。#蓝v视界#娄底  ...全文\n          430万次播放\n        0:16\n      559\n    \n      3350\n    5.7万\n              郑优秀啊\n              10-18 11:05 来自 iPhone客户端好高级的手机桌面 \n      35\n    \n      131\n    800\n              星视频\n              3小时前 来自 微博视频号\n              已编辑【#婚礼现场婆婆被宾客误认为是新娘#】近日，山东烟台。女子参加一对新人的婚礼，在酒店大厅门口，她将新娘的婆婆误认为是新娘。视频中，婆婆穿着喜庆的红色连衣裙，梳着空气刘海，看起来十分年轻。凑近一看，胸花上写着两个字——“母亲”。女子发文称“要不是新娘穿着婚纱出来，我还以为她是新娘”。 ...全文\n          200万次播放\n        1:00\n      104\n    \n      214\n    9635\n              郵寄光影\n              10-14 17:27\n              已编辑新的形容词出现了 董卿感学到了 \n      150\n    \n      322\n    6194\n              网红柒点半\n              10-13 17:21 来自 微博视频号女孩被母亲用一袋米卖掉人生，殊不知是噩梦的开始！#剧集二创榜##韩剧推荐# 网红柒点半的微博视频 \n          652万次播放\n        6:01\n      225\n    \n      90\n    1.5万\n              巧克梨Q\n              9-27 13:52 来自 微博 weibo.com假设你是这个小女孩的妈妈，下班回家看到这一幕...... \n      197\n    \n      874\n    1.5万\n              郭晓光\n              5小时前 来自 iPhone客户端小米科技园偶遇铁大，步态稳定性和速度比2个月前好了太多，这进步速度可以 郭晓光的微博视频 \n          68万次播放\n        0:14\n      107\n    \n      104\n    499\n              搞笑猎奇的航宝\n              10-8 11:52 来自 走丢的微博Android清朝大臣们的样貌不是亮点，他们的手才是！ \n      115\n    \n      1592\n    1.9万\n              小蛮腰沫沫\n              10-11 15:43 来自 微博视频号让人头皮发麻的老电影，揭露末代皇后婉容悲惨一生，既真实又残忍#国产片# #电影二创榜# 小蛮腰沫沫的微博视频 \n          339万次播放\n        9:04\n      217\n    \n      139\n    3737\n              杨博思\n              10-8 10:56 来自 微博 weibo.com有一个会做特效的男朋友是种什么样的体验？ 动图动图\n      26\n    \n      209\n    4168登录/注册正在加载 视频播放器。播放静音当前时间 0:00/时长 0:00加载完成: 0%媒体流类型 直播全屏打开对话窗口。Escape键将取消并关闭对话窗口文字Color白黑红绿蓝黄紫红青Transparency不透明半透明背景Color黑白红绿蓝黄紫红青Transparency不透明半透明透明窗口Color黑白红绿蓝黄紫红青Transparency透明半透明不透明字体尺寸50%75%100%125%150%175%200%300%400%字体边缘样式无浮雕压低均匀下阴影字体库比例无细体单间隔无细体比例细体单间隔细体舒适手写体小型大写字体重置 恢复全部设定至预设值完成关闭弹窗结束对话窗口关闭 \n    \n  \n    var config = {\n      env: \'prod\',\n      version: \'v2.10.15\',\n      login: [][0],\n      st: \'2d8dc6\',\n      uid: \'\',\n      pageConfig: [null][0] || {},\n      preferQuickapp: \'0\',\n      wm: \'\'\n    }\n  var $render_data = [{\n    \"showPSWLogin\": 1\n}][0] || {};\n  var __wb_performance_data={v:\"v8\",m:\"mainsite\",pwa:1,sw:0};\n  \n  \n\n\n\n', '\n                  榜单\n                  ', '\n                  热门\n                  ');
INSERT INTO `host` VALUES (12, '\n              郑优秀啊\n              ', 'https://m.weibo.cn/profile/6003579507', 'https://tvax3.sinaimg.cn/crop.0.0.1080.1080.180/006yiphxly8h2qhfher07j30u00u0q8z.jpg?KID=imgbed,tva&Expires=1666272345&ssig=NAEDXA7jxb', '2001-10-18 11:05:00', ' 来自 iPhone客户端', '好高级的手机桌面 ', '', '', '', 'https://h5.sinaimg.cn/m/emoticon/icon/default/d_aini-09d5f3f870.png', '', 'https://wx4.sinaimg.cn/orj360/006yiphxly1h799he7w7ej30wi1ycb29.jpg', '', NULL, '\n      35\n    ', '\n      131\n    ', '800', '\n  大家都在搜：#这羊驼怎么人里人气的#\n                  热门\n                  \n                  榜单\n                  \n                  新鲜事\n                  \n                  同城\n                  \n                  科技\n                  \n                  明星\n                  \n                  电影\n                  \n                  音乐\n                  \n                  数码\n                  \n                  汽车\n                  \n                  游戏\n                  下拉刷新\n              沸点视频\n              昨天 22:43 来自 微博视频号【#3岁男孩偷酸奶被奶奶坚持送派出所# 拍摄者：底线问题不能惯】10月17日，湖南娄底，3岁男孩从邻居家拿了瓶酸奶，亲奶奶发现后坚持要送孩子到派出所。目击者刘先生称，有人觉得奶奶野蛮粗暴，我倒觉得这是三观最正的教育，孩子的底线问题不能惯，一定要让他记忆深刻。#蓝v视界#娄底  ...全文\n          430万次播放\n        0:16\n      559\n    \n      3350\n    5.7万\n              郑优秀啊\n              10-18 11:05 来自 iPhone客户端好高级的手机桌面 \n      35\n    \n      131\n    800\n              星视频\n              3小时前 来自 微博视频号\n              已编辑【#婚礼现场婆婆被宾客误认为是新娘#】近日，山东烟台。女子参加一对新人的婚礼，在酒店大厅门口，她将新娘的婆婆误认为是新娘。视频中，婆婆穿着喜庆的红色连衣裙，梳着空气刘海，看起来十分年轻。凑近一看，胸花上写着两个字——“母亲”。女子发文称“要不是新娘穿着婚纱出来，我还以为她是新娘”。 ...全文\n          200万次播放\n        1:00\n      104\n    \n      214\n    9635\n              郵寄光影\n              10-14 17:27\n              已编辑新的形容词出现了 董卿感学到了 \n      150\n    \n      322\n    6194\n              网红柒点半\n              10-13 17:21 来自 微博视频号女孩被母亲用一袋米卖掉人生，殊不知是噩梦的开始！#剧集二创榜##韩剧推荐# 网红柒点半的微博视频 \n          652万次播放\n        6:01\n      225\n    \n      90\n    1.5万\n              巧克梨Q\n              9-27 13:52 来自 微博 weibo.com假设你是这个小女孩的妈妈，下班回家看到这一幕...... \n      197\n    \n      874\n    1.5万\n              郭晓光\n              5小时前 来自 iPhone客户端小米科技园偶遇铁大，步态稳定性和速度比2个月前好了太多，这进步速度可以 郭晓光的微博视频 \n          68万次播放\n        0:14\n      107\n    \n      104\n    499\n              搞笑猎奇的航宝\n              10-8 11:52 来自 走丢的微博Android清朝大臣们的样貌不是亮点，他们的手才是！ \n      115\n    \n      1592\n    1.9万\n              小蛮腰沫沫\n              10-11 15:43 来自 微博视频号让人头皮发麻的老电影，揭露末代皇后婉容悲惨一生，既真实又残忍#国产片# #电影二创榜# 小蛮腰沫沫的微博视频 \n          339万次播放\n        9:04\n      217\n    \n      139\n    3737\n              杨博思\n              10-8 10:56 来自 微博 weibo.com有一个会做特效的男朋友是种什么样的体验？ 动图动图\n      26\n    \n      209\n    4168登录/注册正在加载 视频播放器。播放静音当前时间 0:00/时长 0:00加载完成: 0%媒体流类型 直播全屏打开对话窗口。Escape键将取消并关闭对话窗口文字Color白黑红绿蓝黄紫红青Transparency不透明半透明背景Color黑白红绿蓝黄紫红青Transparency不透明半透明透明窗口Color黑白红绿蓝黄紫红青Transparency透明半透明不透明字体尺寸50%75%100%125%150%175%200%300%400%字体边缘样式无浮雕压低均匀下阴影字体库比例无细体单间隔无细体比例细体单间隔细体舒适手写体小型大写字体重置 恢复全部设定至预设值完成关闭弹窗结束对话窗口关闭 \n    \n  \n    var config = {\n      env: \'prod\',\n      version: \'v2.10.15\',\n      login: [][0],\n      st: \'2d8dc6\',\n      uid: \'\',\n      pageConfig: [null][0] || {},\n      preferQuickapp: \'0\',\n      wm: \'\'\n    }\n  var $render_data = [{\n    \"showPSWLogin\": 1\n}][0] || {};\n  var __wb_performance_data={v:\"v8\",m:\"mainsite\",pwa:1,sw:0};\n  \n  \n\n\n\n', '\n                  榜单\n                  ', '\n                  热门\n                  ');
INSERT INTO `host` VALUES (13, '\n              星视频\n              ', 'https://m.weibo.cn/profile/6418480627', 'https://tvax4.sinaimg.cn/crop.0.0.788.788.180/0070ni15ly8h0phfz2fjij30lw0lwaas.jpg?KID=imgbed,tva&Expires=1666272345&ssig=2Z870YEnHL', '2001-10-12 15:55:00', ' 来自 微博视频号', '【#婚礼现场婆婆被宾客误认为是新娘#】近日，山东烟台。女子参加一对新人的婚礼，在酒店大厅门口，她将新娘的婆婆误认为是新娘。视频中，婆婆穿着喜庆的红色连衣裙，梳着空气刘海，看起来十分年轻。凑近一看，胸花上写着两个字——“母亲”。女子发文称“要不是新娘穿着婚纱出来，我还以为她是新娘”。 ...全文', 'https://m.weibo.cn/search?containerid=231522type%3D1%26t%3D10%26q%3D%23%E5%A9%9A%E7%A4%BC%E7%8E%B0%E5%9C%BA%E5%A9%86%E5%A9%86%E8%A2%AB%E5%AE%BE%E5%AE%A2%E8%AF%AF%E8%AE%A4%E4%B8%BA%E6%98%AF%E6%96%B0%E5%A8%98%23&extparam=%23%E5%A9%9A%E7%A4%BC%E7%8E%B0%E5%9C%BA%E5%A9%86%E5%A9%86%E8%A2%AB%E5%AE%BE%E5%AE%A2%E8%AF%AF%E8%AE%A4%E4%B8%BA%E6%98%AF%E6%96%B0%E5%A8%98%23&luicode=10000011&lfid=102803', '#婚礼现场婆婆被宾客误认为是新娘#', 'https://m.weibo.cn/status/4826667580915950', '', '', 'https://wx1.sinaimg.cn/orj480/0070ni15gy1h7bs69x0swj31hc0u0hdt.jpg', '\n          200万次播放\n        ', NULL, '\n      104\n    ', '\n      214\n    ', '9635', '\n  大家都在搜：#这羊驼怎么人里人气的#\n                  热门\n                  \n                  榜单\n                  \n                  新鲜事\n                  \n                  同城\n                  \n                  科技\n                  \n                  明星\n                  \n                  电影\n                  \n                  音乐\n                  \n                  数码\n                  \n                  汽车\n                  \n                  游戏\n                  下拉刷新\n              沸点视频\n              昨天 22:43 来自 微博视频号【#3岁男孩偷酸奶被奶奶坚持送派出所# 拍摄者：底线问题不能惯】10月17日，湖南娄底，3岁男孩从邻居家拿了瓶酸奶，亲奶奶发现后坚持要送孩子到派出所。目击者刘先生称，有人觉得奶奶野蛮粗暴，我倒觉得这是三观最正的教育，孩子的底线问题不能惯，一定要让他记忆深刻。#蓝v视界#娄底  ...全文\n          430万次播放\n        0:16\n      559\n    \n      3350\n    5.7万\n              郑优秀啊\n              10-18 11:05 来自 iPhone客户端好高级的手机桌面 \n      35\n    \n      131\n    800\n              星视频\n              3小时前 来自 微博视频号\n              已编辑【#婚礼现场婆婆被宾客误认为是新娘#】近日，山东烟台。女子参加一对新人的婚礼，在酒店大厅门口，她将新娘的婆婆误认为是新娘。视频中，婆婆穿着喜庆的红色连衣裙，梳着空气刘海，看起来十分年轻。凑近一看，胸花上写着两个字——“母亲”。女子发文称“要不是新娘穿着婚纱出来，我还以为她是新娘”。 ...全文\n          200万次播放\n        1:00\n      104\n    \n      214\n    9635\n              郵寄光影\n              10-14 17:27\n              已编辑新的形容词出现了 董卿感学到了 \n      150\n    \n      322\n    6194\n              网红柒点半\n              10-13 17:21 来自 微博视频号女孩被母亲用一袋米卖掉人生，殊不知是噩梦的开始！#剧集二创榜##韩剧推荐# 网红柒点半的微博视频 \n          652万次播放\n        6:01\n      225\n    \n      90\n    1.5万\n              巧克梨Q\n              9-27 13:52 来自 微博 weibo.com假设你是这个小女孩的妈妈，下班回家看到这一幕...... \n      197\n    \n      874\n    1.5万\n              郭晓光\n              5小时前 来自 iPhone客户端小米科技园偶遇铁大，步态稳定性和速度比2个月前好了太多，这进步速度可以 郭晓光的微博视频 \n          68万次播放\n        0:14\n      107\n    \n      104\n    499\n              搞笑猎奇的航宝\n              10-8 11:52 来自 走丢的微博Android清朝大臣们的样貌不是亮点，他们的手才是！ \n      115\n    \n      1592\n    1.9万\n              小蛮腰沫沫\n              10-11 15:43 来自 微博视频号让人头皮发麻的老电影，揭露末代皇后婉容悲惨一生，既真实又残忍#国产片# #电影二创榜# 小蛮腰沫沫的微博视频 \n          339万次播放\n        9:04\n      217\n    \n      139\n    3737\n              杨博思\n              10-8 10:56 来自 微博 weibo.com有一个会做特效的男朋友是种什么样的体验？ 动图动图\n      26\n    \n      209\n    4168登录/注册正在加载 视频播放器。播放静音当前时间 0:00/时长 0:00加载完成: 0%媒体流类型 直播全屏打开对话窗口。Escape键将取消并关闭对话窗口文字Color白黑红绿蓝黄紫红青Transparency不透明半透明背景Color黑白红绿蓝黄紫红青Transparency不透明半透明透明窗口Color黑白红绿蓝黄紫红青Transparency透明半透明不透明字体尺寸50%75%100%125%150%175%200%300%400%字体边缘样式无浮雕压低均匀下阴影字体库比例无细体单间隔无细体比例细体单间隔细体舒适手写体小型大写字体重置 恢复全部设定至预设值完成关闭弹窗结束对话窗口关闭 \n    \n  \n    var config = {\n      env: \'prod\',\n      version: \'v2.10.15\',\n      login: [][0],\n      st: \'2d8dc6\',\n      uid: \'\',\n      pageConfig: [null][0] || {},\n      preferQuickapp: \'0\',\n      wm: \'\'\n    }\n  var $render_data = [{\n    \"showPSWLogin\": 1\n}][0] || {};\n  var __wb_performance_data={v:\"v8\",m:\"mainsite\",pwa:1,sw:0};\n  \n  \n\n\n\n', '\n                  榜单\n                  ', '\n                  热门\n                  ');
INSERT INTO `host` VALUES (14, '\n              郵寄光影\n              ', 'https://m.weibo.cn/profile/5627584085', 'https://tvax4.sinaimg.cn/crop.0.0.512.512.180/0068QLHfly8gz7gehrhtfj30e80e8gmf.jpg?KID=imgbed,tva&Expires=1666272345&ssig=p2xUjvasK1', '2001-10-14 17:27:00', '', '新的形容词出现了 董卿感学到了 ', '', '', '', 'https://h5.sinaimg.cn/m/emoticon/icon/others/h_zan-44ddc70637.png', '', 'https://wx2.sinaimg.cn/orj360/0068QLHfgy1h74y260vp1j30n01ds4qp.jpg', '', NULL, '\n      150\n    ', '\n      322\n    ', '6194', '\n  大家都在搜：#这羊驼怎么人里人气的#\n                  热门\n                  \n                  榜单\n                  \n                  新鲜事\n                  \n                  同城\n                  \n                  科技\n                  \n                  明星\n                  \n                  电影\n                  \n                  音乐\n                  \n                  数码\n                  \n                  汽车\n                  \n                  游戏\n                  下拉刷新\n              沸点视频\n              昨天 22:43 来自 微博视频号【#3岁男孩偷酸奶被奶奶坚持送派出所# 拍摄者：底线问题不能惯】10月17日，湖南娄底，3岁男孩从邻居家拿了瓶酸奶，亲奶奶发现后坚持要送孩子到派出所。目击者刘先生称，有人觉得奶奶野蛮粗暴，我倒觉得这是三观最正的教育，孩子的底线问题不能惯，一定要让他记忆深刻。#蓝v视界#娄底  ...全文\n          430万次播放\n        0:16\n      559\n    \n      3350\n    5.7万\n              郑优秀啊\n              10-18 11:05 来自 iPhone客户端好高级的手机桌面 \n      35\n    \n      131\n    800\n              星视频\n              3小时前 来自 微博视频号\n              已编辑【#婚礼现场婆婆被宾客误认为是新娘#】近日，山东烟台。女子参加一对新人的婚礼，在酒店大厅门口，她将新娘的婆婆误认为是新娘。视频中，婆婆穿着喜庆的红色连衣裙，梳着空气刘海，看起来十分年轻。凑近一看，胸花上写着两个字——“母亲”。女子发文称“要不是新娘穿着婚纱出来，我还以为她是新娘”。 ...全文\n          200万次播放\n        1:00\n      104\n    \n      214\n    9635\n              郵寄光影\n              10-14 17:27\n              已编辑新的形容词出现了 董卿感学到了 \n      150\n    \n      322\n    6194\n              网红柒点半\n              10-13 17:21 来自 微博视频号女孩被母亲用一袋米卖掉人生，殊不知是噩梦的开始！#剧集二创榜##韩剧推荐# 网红柒点半的微博视频 \n          652万次播放\n        6:01\n      225\n    \n      90\n    1.5万\n              巧克梨Q\n              9-27 13:52 来自 微博 weibo.com假设你是这个小女孩的妈妈，下班回家看到这一幕...... \n      197\n    \n      874\n    1.5万\n              郭晓光\n              5小时前 来自 iPhone客户端小米科技园偶遇铁大，步态稳定性和速度比2个月前好了太多，这进步速度可以 郭晓光的微博视频 \n          68万次播放\n        0:14\n      107\n    \n      104\n    499\n              搞笑猎奇的航宝\n              10-8 11:52 来自 走丢的微博Android清朝大臣们的样貌不是亮点，他们的手才是！ \n      115\n    \n      1592\n    1.9万\n              小蛮腰沫沫\n              10-11 15:43 来自 微博视频号让人头皮发麻的老电影，揭露末代皇后婉容悲惨一生，既真实又残忍#国产片# #电影二创榜# 小蛮腰沫沫的微博视频 \n          339万次播放\n        9:04\n      217\n    \n      139\n    3737\n              杨博思\n              10-8 10:56 来自 微博 weibo.com有一个会做特效的男朋友是种什么样的体验？ 动图动图\n      26\n    \n      209\n    4168登录/注册正在加载 视频播放器。播放静音当前时间 0:00/时长 0:00加载完成: 0%媒体流类型 直播全屏打开对话窗口。Escape键将取消并关闭对话窗口文字Color白黑红绿蓝黄紫红青Transparency不透明半透明背景Color黑白红绿蓝黄紫红青Transparency不透明半透明透明窗口Color黑白红绿蓝黄紫红青Transparency透明半透明不透明字体尺寸50%75%100%125%150%175%200%300%400%字体边缘样式无浮雕压低均匀下阴影字体库比例无细体单间隔无细体比例细体单间隔细体舒适手写体小型大写字体重置 恢复全部设定至预设值完成关闭弹窗结束对话窗口关闭 \n    \n  \n    var config = {\n      env: \'prod\',\n      version: \'v2.10.15\',\n      login: [][0],\n      st: \'2d8dc6\',\n      uid: \'\',\n      pageConfig: [null][0] || {},\n      preferQuickapp: \'0\',\n      wm: \'\'\n    }\n  var $render_data = [{\n    \"showPSWLogin\": 1\n}][0] || {};\n  var __wb_performance_data={v:\"v8\",m:\"mainsite\",pwa:1,sw:0};\n  \n  \n\n\n\n', '\n                  榜单\n                  ', '\n                  热门\n                  ');
INSERT INTO `host` VALUES (15, '\n              网红柒点半\n              ', 'https://m.weibo.cn/profile/6175819722', 'https://tvax2.sinaimg.cn/crop.0.0.996.996.180/006JX6Pwly8gqfnor25o4j30ro0ro0vf.jpg?KID=imgbed,tva&Expires=1666272345&ssig=CsrxMrf2q2', '2001-10-13 17:21:00', ' 来自 微博视频号', '女孩被母亲用一袋米卖掉人生，殊不知是噩梦的开始！\n\n#剧集二创榜##韩剧推荐# 网红柒点半的微博视频', 'https://m.weibo.cn/search?containerid=231522type%3D1%26t%3D10%26q%3D%23%E5%89%A7%E9%9B%86%E4%BA%8C%E5%88%9B%E6%A6%9C%23&extparam=%23%E5%89%A7%E9%9B%86%E4%BA%8C%E5%88%9B%E6%A6%9C%23&luicode=10000011&lfid=102803', '#剧集二创榜#', 'https://m.weibo.cn/search?containerid=231522type%3D1%26t%3D10%26q%3D%23%E9%9F%A9%E5%89%A7%E6%8E%A8%E8%8D%90%23&isnewpage=1&luicode=10000011&lfid=102803', 'https://h5.sinaimg.cn/upload/2015/09/25/3/timeline_card_small_video_default.png', '网红柒点半的微博视频', 'https://wx1.sinaimg.cn/orj480/006JX6Pwly1h73s1mlsi2j30u00gvmyy.jpg', '\n          652万次播放\n        ', NULL, '\n      225\n    ', '\n      90\n    ', '1.5万', '\n  大家都在搜：#这羊驼怎么人里人气的#\n                  热门\n                  \n                  榜单\n                  \n                  新鲜事\n                  \n                  同城\n                  \n                  科技\n                  \n                  明星\n                  \n                  电影\n                  \n                  音乐\n                  \n                  数码\n                  \n                  汽车\n                  \n                  游戏\n                  下拉刷新\n              沸点视频\n              昨天 22:43 来自 微博视频号【#3岁男孩偷酸奶被奶奶坚持送派出所# 拍摄者：底线问题不能惯】10月17日，湖南娄底，3岁男孩从邻居家拿了瓶酸奶，亲奶奶发现后坚持要送孩子到派出所。目击者刘先生称，有人觉得奶奶野蛮粗暴，我倒觉得这是三观最正的教育，孩子的底线问题不能惯，一定要让他记忆深刻。#蓝v视界#娄底  ...全文\n          430万次播放\n        0:16\n      559\n    \n      3350\n    5.7万\n              郑优秀啊\n              10-18 11:05 来自 iPhone客户端好高级的手机桌面 \n      35\n    \n      131\n    800\n              星视频\n              3小时前 来自 微博视频号\n              已编辑【#婚礼现场婆婆被宾客误认为是新娘#】近日，山东烟台。女子参加一对新人的婚礼，在酒店大厅门口，她将新娘的婆婆误认为是新娘。视频中，婆婆穿着喜庆的红色连衣裙，梳着空气刘海，看起来十分年轻。凑近一看，胸花上写着两个字——“母亲”。女子发文称“要不是新娘穿着婚纱出来，我还以为她是新娘”。 ...全文\n          200万次播放\n        1:00\n      104\n    \n      214\n    9635\n              郵寄光影\n              10-14 17:27\n              已编辑新的形容词出现了 董卿感学到了 \n      150\n    \n      322\n    6194\n              网红柒点半\n              10-13 17:21 来自 微博视频号女孩被母亲用一袋米卖掉人生，殊不知是噩梦的开始！#剧集二创榜##韩剧推荐# 网红柒点半的微博视频 \n          652万次播放\n        6:01\n      225\n    \n      90\n    1.5万\n              巧克梨Q\n              9-27 13:52 来自 微博 weibo.com假设你是这个小女孩的妈妈，下班回家看到这一幕...... \n      197\n    \n      874\n    1.5万\n              郭晓光\n              5小时前 来自 iPhone客户端小米科技园偶遇铁大，步态稳定性和速度比2个月前好了太多，这进步速度可以 郭晓光的微博视频 \n          68万次播放\n        0:14\n      107\n    \n      104\n    499\n              搞笑猎奇的航宝\n              10-8 11:52 来自 走丢的微博Android清朝大臣们的样貌不是亮点，他们的手才是！ \n      115\n    \n      1592\n    1.9万\n              小蛮腰沫沫\n              10-11 15:43 来自 微博视频号让人头皮发麻的老电影，揭露末代皇后婉容悲惨一生，既真实又残忍#国产片# #电影二创榜# 小蛮腰沫沫的微博视频 \n          339万次播放\n        9:04\n      217\n    \n      139\n    3737\n              杨博思\n              10-8 10:56 来自 微博 weibo.com有一个会做特效的男朋友是种什么样的体验？ 动图动图\n      26\n    \n      209\n    4168登录/注册正在加载 视频播放器。播放静音当前时间 0:00/时长 0:00加载完成: 0%媒体流类型 直播全屏打开对话窗口。Escape键将取消并关闭对话窗口文字Color白黑红绿蓝黄紫红青Transparency不透明半透明背景Color黑白红绿蓝黄紫红青Transparency不透明半透明透明窗口Color黑白红绿蓝黄紫红青Transparency透明半透明不透明字体尺寸50%75%100%125%150%175%200%300%400%字体边缘样式无浮雕压低均匀下阴影字体库比例无细体单间隔无细体比例细体单间隔细体舒适手写体小型大写字体重置 恢复全部设定至预设值完成关闭弹窗结束对话窗口关闭 \n    \n  \n    var config = {\n      env: \'prod\',\n      version: \'v2.10.15\',\n      login: [][0],\n      st: \'2d8dc6\',\n      uid: \'\',\n      pageConfig: [null][0] || {},\n      preferQuickapp: \'0\',\n      wm: \'\'\n    }\n  var $render_data = [{\n    \"showPSWLogin\": 1\n}][0] || {};\n  var __wb_performance_data={v:\"v8\",m:\"mainsite\",pwa:1,sw:0};\n  \n  \n\n\n\n', '\n                  榜单\n                  ', '\n                  热门\n                  ');
INSERT INTO `host` VALUES (16, '\n              巧克梨Q\n              ', 'https://m.weibo.cn/profile/5236465571', 'https://tvax2.sinaimg.cn/crop.0.0.512.512.180/005InFU7ly8h55f2zz1owj30e80e83ys.jpg?KID=imgbed,tva&Expires=1666272345&ssig=EkDXgzVwqd', '2001-09-27 13:52:00', ' 来自 微博 weibo.com', '假设你是这个小女孩的妈妈，下班回家看到这一幕...... ', '', '', '', '', '', 'https://wx4.sinaimg.cn/orj360/47f99a6egy1gap7arr6hgj20iw0e6whc.jpg', '', NULL, '\n      197\n    ', '\n      874\n    ', '1.5万', '\n  大家都在搜：#这羊驼怎么人里人气的#\n                  热门\n                  \n                  榜单\n                  \n                  新鲜事\n                  \n                  同城\n                  \n                  科技\n                  \n                  明星\n                  \n                  电影\n                  \n                  音乐\n                  \n                  数码\n                  \n                  汽车\n                  \n                  游戏\n                  下拉刷新\n              沸点视频\n              昨天 22:43 来自 微博视频号【#3岁男孩偷酸奶被奶奶坚持送派出所# 拍摄者：底线问题不能惯】10月17日，湖南娄底，3岁男孩从邻居家拿了瓶酸奶，亲奶奶发现后坚持要送孩子到派出所。目击者刘先生称，有人觉得奶奶野蛮粗暴，我倒觉得这是三观最正的教育，孩子的底线问题不能惯，一定要让他记忆深刻。#蓝v视界#娄底  ...全文\n          430万次播放\n        0:16\n      559\n    \n      3350\n    5.7万\n              郑优秀啊\n              10-18 11:05 来自 iPhone客户端好高级的手机桌面 \n      35\n    \n      131\n    800\n              星视频\n              3小时前 来自 微博视频号\n              已编辑【#婚礼现场婆婆被宾客误认为是新娘#】近日，山东烟台。女子参加一对新人的婚礼，在酒店大厅门口，她将新娘的婆婆误认为是新娘。视频中，婆婆穿着喜庆的红色连衣裙，梳着空气刘海，看起来十分年轻。凑近一看，胸花上写着两个字——“母亲”。女子发文称“要不是新娘穿着婚纱出来，我还以为她是新娘”。 ...全文\n          200万次播放\n        1:00\n      104\n    \n      214\n    9635\n              郵寄光影\n              10-14 17:27\n              已编辑新的形容词出现了 董卿感学到了 \n      150\n    \n      322\n    6194\n              网红柒点半\n              10-13 17:21 来自 微博视频号女孩被母亲用一袋米卖掉人生，殊不知是噩梦的开始！#剧集二创榜##韩剧推荐# 网红柒点半的微博视频 \n          652万次播放\n        6:01\n      225\n    \n      90\n    1.5万\n              巧克梨Q\n              9-27 13:52 来自 微博 weibo.com假设你是这个小女孩的妈妈，下班回家看到这一幕...... \n      197\n    \n      874\n    1.5万\n              郭晓光\n              5小时前 来自 iPhone客户端小米科技园偶遇铁大，步态稳定性和速度比2个月前好了太多，这进步速度可以 郭晓光的微博视频 \n          68万次播放\n        0:14\n      107\n    \n      104\n    499\n              搞笑猎奇的航宝\n              10-8 11:52 来自 走丢的微博Android清朝大臣们的样貌不是亮点，他们的手才是！ \n      115\n    \n      1592\n    1.9万\n              小蛮腰沫沫\n              10-11 15:43 来自 微博视频号让人头皮发麻的老电影，揭露末代皇后婉容悲惨一生，既真实又残忍#国产片# #电影二创榜# 小蛮腰沫沫的微博视频 \n          339万次播放\n        9:04\n      217\n    \n      139\n    3737\n              杨博思\n              10-8 10:56 来自 微博 weibo.com有一个会做特效的男朋友是种什么样的体验？ 动图动图\n      26\n    \n      209\n    4168登录/注册正在加载 视频播放器。播放静音当前时间 0:00/时长 0:00加载完成: 0%媒体流类型 直播全屏打开对话窗口。Escape键将取消并关闭对话窗口文字Color白黑红绿蓝黄紫红青Transparency不透明半透明背景Color黑白红绿蓝黄紫红青Transparency不透明半透明透明窗口Color黑白红绿蓝黄紫红青Transparency透明半透明不透明字体尺寸50%75%100%125%150%175%200%300%400%字体边缘样式无浮雕压低均匀下阴影字体库比例无细体单间隔无细体比例细体单间隔细体舒适手写体小型大写字体重置 恢复全部设定至预设值完成关闭弹窗结束对话窗口关闭 \n    \n  \n    var config = {\n      env: \'prod\',\n      version: \'v2.10.15\',\n      login: [][0],\n      st: \'2d8dc6\',\n      uid: \'\',\n      pageConfig: [null][0] || {},\n      preferQuickapp: \'0\',\n      wm: \'\'\n    }\n  var $render_data = [{\n    \"showPSWLogin\": 1\n}][0] || {};\n  var __wb_performance_data={v:\"v8\",m:\"mainsite\",pwa:1,sw:0};\n  \n  \n\n\n\n', '\n                  榜单\n                  ', '\n                  热门\n                  ');
INSERT INTO `host` VALUES (17, '\n              郭晓光\n              ', 'https://m.weibo.cn/profile/1282084175', 'https://tva1.sinaimg.cn/crop.0.0.638.638.180/4c6b0d4fjw1ek518gqwvzj20hs0hswgv.jpg?KID=imgbed,tva&Expires=1666272345&ssig=%2BxU599ZOd0', '2001-10-12 15:55:00', ' 来自 iPhone客户端', '小米科技园偶遇铁大，步态稳定性和速度比2个月前好了太多，这进步速度可以 郭晓光的微博视频 ', 'https://video.weibo.com/show?fid=1034:4826629923602517', '郭晓光的微博视频', '', 'https://h5.sinaimg.cn/m/emoticon/icon/default/d_ku-774d16f5ce.png', '郭晓光的微博视频', 'https://wx4.sinaimg.cn/orj480/4c6b0d4fly1h7bnwndbiaj20u01hctei.jpg', '\n          68万次播放\n        ', NULL, '\n      107\n    ', '\n      104\n    ', '499', '\n  大家都在搜：#这羊驼怎么人里人气的#\n                  热门\n                  \n                  榜单\n                  \n                  新鲜事\n                  \n                  同城\n                  \n                  科技\n                  \n                  明星\n                  \n                  电影\n                  \n                  音乐\n                  \n                  数码\n                  \n                  汽车\n                  \n                  游戏\n                  下拉刷新\n              沸点视频\n              昨天 22:43 来自 微博视频号【#3岁男孩偷酸奶被奶奶坚持送派出所# 拍摄者：底线问题不能惯】10月17日，湖南娄底，3岁男孩从邻居家拿了瓶酸奶，亲奶奶发现后坚持要送孩子到派出所。目击者刘先生称，有人觉得奶奶野蛮粗暴，我倒觉得这是三观最正的教育，孩子的底线问题不能惯，一定要让他记忆深刻。#蓝v视界#娄底  ...全文\n          430万次播放\n        0:16\n      559\n    \n      3350\n    5.7万\n              郑优秀啊\n              10-18 11:05 来自 iPhone客户端好高级的手机桌面 \n      35\n    \n      131\n    800\n              星视频\n              3小时前 来自 微博视频号\n              已编辑【#婚礼现场婆婆被宾客误认为是新娘#】近日，山东烟台。女子参加一对新人的婚礼，在酒店大厅门口，她将新娘的婆婆误认为是新娘。视频中，婆婆穿着喜庆的红色连衣裙，梳着空气刘海，看起来十分年轻。凑近一看，胸花上写着两个字——“母亲”。女子发文称“要不是新娘穿着婚纱出来，我还以为她是新娘”。 ...全文\n          200万次播放\n        1:00\n      104\n    \n      214\n    9635\n              郵寄光影\n              10-14 17:27\n              已编辑新的形容词出现了 董卿感学到了 \n      150\n    \n      322\n    6194\n              网红柒点半\n              10-13 17:21 来自 微博视频号女孩被母亲用一袋米卖掉人生，殊不知是噩梦的开始！#剧集二创榜##韩剧推荐# 网红柒点半的微博视频 \n          652万次播放\n        6:01\n      225\n    \n      90\n    1.5万\n              巧克梨Q\n              9-27 13:52 来自 微博 weibo.com假设你是这个小女孩的妈妈，下班回家看到这一幕...... \n      197\n    \n      874\n    1.5万\n              郭晓光\n              5小时前 来自 iPhone客户端小米科技园偶遇铁大，步态稳定性和速度比2个月前好了太多，这进步速度可以 郭晓光的微博视频 \n          68万次播放\n        0:14\n      107\n    \n      104\n    499\n              搞笑猎奇的航宝\n              10-8 11:52 来自 走丢的微博Android清朝大臣们的样貌不是亮点，他们的手才是！ \n      115\n    \n      1592\n    1.9万\n              小蛮腰沫沫\n              10-11 15:43 来自 微博视频号让人头皮发麻的老电影，揭露末代皇后婉容悲惨一生，既真实又残忍#国产片# #电影二创榜# 小蛮腰沫沫的微博视频 \n          339万次播放\n        9:04\n      217\n    \n      139\n    3737\n              杨博思\n              10-8 10:56 来自 微博 weibo.com有一个会做特效的男朋友是种什么样的体验？ 动图动图\n      26\n    \n      209\n    4168登录/注册正在加载 视频播放器。播放静音当前时间 0:00/时长 0:00加载完成: 0%媒体流类型 直播全屏打开对话窗口。Escape键将取消并关闭对话窗口文字Color白黑红绿蓝黄紫红青Transparency不透明半透明背景Color黑白红绿蓝黄紫红青Transparency不透明半透明透明窗口Color黑白红绿蓝黄紫红青Transparency透明半透明不透明字体尺寸50%75%100%125%150%175%200%300%400%字体边缘样式无浮雕压低均匀下阴影字体库比例无细体单间隔无细体比例细体单间隔细体舒适手写体小型大写字体重置 恢复全部设定至预设值完成关闭弹窗结束对话窗口关闭 \n    \n  \n    var config = {\n      env: \'prod\',\n      version: \'v2.10.15\',\n      login: [][0],\n      st: \'2d8dc6\',\n      uid: \'\',\n      pageConfig: [null][0] || {},\n      preferQuickapp: \'0\',\n      wm: \'\'\n    }\n  var $render_data = [{\n    \"showPSWLogin\": 1\n}][0] || {};\n  var __wb_performance_data={v:\"v8\",m:\"mainsite\",pwa:1,sw:0};\n  \n  \n\n\n\n', '\n                  榜单\n                  ', '\n                  热门\n                  ');
INSERT INTO `host` VALUES (18, '\n              搞笑猎奇的航宝\n              ', 'https://m.weibo.cn/profile/5789433821', 'https://tvax1.sinaimg.cn/crop.0.0.1080.1080.180/006jNScRly8h4iq02meyoj30u00u178z.jpg?KID=imgbed,tva&Expires=1666272345&ssig=s6THed2uoY', '2001-10-08 11:52:00', ' 来自 走丢的微博Android', '清朝大臣们的样貌不是亮点，他们的手才是！ ', '', '', '', '', '', 'https://wx3.sinaimg.cn/orj360/006jNScRly1h6xqnafwiyj30ou0zgjt1.jpg', '', NULL, '\n      115\n    ', '\n      1592\n    ', '1.9万', '\n  大家都在搜：#这羊驼怎么人里人气的#\n                  热门\n                  \n                  榜单\n                  \n                  新鲜事\n                  \n                  同城\n                  \n                  科技\n                  \n                  明星\n                  \n                  电影\n                  \n                  音乐\n                  \n                  数码\n                  \n                  汽车\n                  \n                  游戏\n                  下拉刷新\n              沸点视频\n              昨天 22:43 来自 微博视频号【#3岁男孩偷酸奶被奶奶坚持送派出所# 拍摄者：底线问题不能惯】10月17日，湖南娄底，3岁男孩从邻居家拿了瓶酸奶，亲奶奶发现后坚持要送孩子到派出所。目击者刘先生称，有人觉得奶奶野蛮粗暴，我倒觉得这是三观最正的教育，孩子的底线问题不能惯，一定要让他记忆深刻。#蓝v视界#娄底  ...全文\n          430万次播放\n        0:16\n      559\n    \n      3350\n    5.7万\n              郑优秀啊\n              10-18 11:05 来自 iPhone客户端好高级的手机桌面 \n      35\n    \n      131\n    800\n              星视频\n              3小时前 来自 微博视频号\n              已编辑【#婚礼现场婆婆被宾客误认为是新娘#】近日，山东烟台。女子参加一对新人的婚礼，在酒店大厅门口，她将新娘的婆婆误认为是新娘。视频中，婆婆穿着喜庆的红色连衣裙，梳着空气刘海，看起来十分年轻。凑近一看，胸花上写着两个字——“母亲”。女子发文称“要不是新娘穿着婚纱出来，我还以为她是新娘”。 ...全文\n          200万次播放\n        1:00\n      104\n    \n      214\n    9635\n              郵寄光影\n              10-14 17:27\n              已编辑新的形容词出现了 董卿感学到了 \n      150\n    \n      322\n    6194\n              网红柒点半\n              10-13 17:21 来自 微博视频号女孩被母亲用一袋米卖掉人生，殊不知是噩梦的开始！#剧集二创榜##韩剧推荐# 网红柒点半的微博视频 \n          652万次播放\n        6:01\n      225\n    \n      90\n    1.5万\n              巧克梨Q\n              9-27 13:52 来自 微博 weibo.com假设你是这个小女孩的妈妈，下班回家看到这一幕...... \n      197\n    \n      874\n    1.5万\n              郭晓光\n              5小时前 来自 iPhone客户端小米科技园偶遇铁大，步态稳定性和速度比2个月前好了太多，这进步速度可以 郭晓光的微博视频 \n          68万次播放\n        0:14\n      107\n    \n      104\n    499\n              搞笑猎奇的航宝\n              10-8 11:52 来自 走丢的微博Android清朝大臣们的样貌不是亮点，他们的手才是！ \n      115\n    \n      1592\n    1.9万\n              小蛮腰沫沫\n              10-11 15:43 来自 微博视频号让人头皮发麻的老电影，揭露末代皇后婉容悲惨一生，既真实又残忍#国产片# #电影二创榜# 小蛮腰沫沫的微博视频 \n          339万次播放\n        9:04\n      217\n    \n      139\n    3737\n              杨博思\n              10-8 10:56 来自 微博 weibo.com有一个会做特效的男朋友是种什么样的体验？ 动图动图\n      26\n    \n      209\n    4168登录/注册正在加载 视频播放器。播放静音当前时间 0:00/时长 0:00加载完成: 0%媒体流类型 直播全屏打开对话窗口。Escape键将取消并关闭对话窗口文字Color白黑红绿蓝黄紫红青Transparency不透明半透明背景Color黑白红绿蓝黄紫红青Transparency不透明半透明透明窗口Color黑白红绿蓝黄紫红青Transparency透明半透明不透明字体尺寸50%75%100%125%150%175%200%300%400%字体边缘样式无浮雕压低均匀下阴影字体库比例无细体单间隔无细体比例细体单间隔细体舒适手写体小型大写字体重置 恢复全部设定至预设值完成关闭弹窗结束对话窗口关闭 \n    \n  \n    var config = {\n      env: \'prod\',\n      version: \'v2.10.15\',\n      login: [][0],\n      st: \'2d8dc6\',\n      uid: \'\',\n      pageConfig: [null][0] || {},\n      preferQuickapp: \'0\',\n      wm: \'\'\n    }\n  var $render_data = [{\n    \"showPSWLogin\": 1\n}][0] || {};\n  var __wb_performance_data={v:\"v8\",m:\"mainsite\",pwa:1,sw:0};\n  \n  \n\n\n\n', '\n                  榜单\n                  ', '\n                  热门\n                  ');
INSERT INTO `host` VALUES (19, '\n              小蛮腰沫沫\n              ', 'https://m.weibo.cn/profile/6883060031', 'https://tvax3.sinaimg.cn/crop.0.0.967.967.180/007vOClhly8gybsaihfdaj30qv0qvjtr.jpg?KID=imgbed,tva&Expires=1666272345&ssig=ZTzokQ5n3O', '2001-10-11 15:43:00', ' 来自 微博视频号', '让人头皮发麻的老电影，揭露末代皇后婉容悲惨一生，既真实又残忍\n#国产片# #电影二创榜# 小蛮腰沫沫的微博视频', 'https://m.weibo.cn/search?containerid=231522type%3D1%26t%3D10%26q%3D%23%E5%9B%BD%E4%BA%A7%E7%89%87%23&isnewpage=1&luicode=10000011&lfid=102803', '#国产片#', 'https://m.weibo.cn/search?containerid=231522type%3D1%26t%3D10%26q%3D%23%E7%94%B5%E5%BD%B1%E4%BA%8C%E5%88%9B%E6%A6%9C%23&extparam=%23%E7%94%B5%E5%BD%B1%E4%BA%8C%E5%88%9B%E6%A6%9C%23&luicode=10000011&lfid=102803', 'https://h5.sinaimg.cn/m/emoticon/icon/others/d_tuzi-d2b0222faa.png', '', 'https://wx1.sinaimg.cn/orj480/007vOClhgy1h71e14kekvj30u00gvwio.jpg', '\n          339万次播放\n        ', NULL, '\n      217\n    ', '\n      139\n    ', '3737', '\n  大家都在搜：#这羊驼怎么人里人气的#\n                  热门\n                  \n                  榜单\n                  \n                  新鲜事\n                  \n                  同城\n                  \n                  科技\n                  \n                  明星\n                  \n                  电影\n                  \n                  音乐\n                  \n                  数码\n                  \n                  汽车\n                  \n                  游戏\n                  下拉刷新\n              沸点视频\n              昨天 22:43 来自 微博视频号【#3岁男孩偷酸奶被奶奶坚持送派出所# 拍摄者：底线问题不能惯】10月17日，湖南娄底，3岁男孩从邻居家拿了瓶酸奶，亲奶奶发现后坚持要送孩子到派出所。目击者刘先生称，有人觉得奶奶野蛮粗暴，我倒觉得这是三观最正的教育，孩子的底线问题不能惯，一定要让他记忆深刻。#蓝v视界#娄底  ...全文\n          430万次播放\n        0:16\n      559\n    \n      3350\n    5.7万\n              郑优秀啊\n              10-18 11:05 来自 iPhone客户端好高级的手机桌面 \n      35\n    \n      131\n    800\n              星视频\n              3小时前 来自 微博视频号\n              已编辑【#婚礼现场婆婆被宾客误认为是新娘#】近日，山东烟台。女子参加一对新人的婚礼，在酒店大厅门口，她将新娘的婆婆误认为是新娘。视频中，婆婆穿着喜庆的红色连衣裙，梳着空气刘海，看起来十分年轻。凑近一看，胸花上写着两个字——“母亲”。女子发文称“要不是新娘穿着婚纱出来，我还以为她是新娘”。 ...全文\n          200万次播放\n        1:00\n      104\n    \n      214\n    9635\n              郵寄光影\n              10-14 17:27\n              已编辑新的形容词出现了 董卿感学到了 \n      150\n    \n      322\n    6194\n              网红柒点半\n              10-13 17:21 来自 微博视频号女孩被母亲用一袋米卖掉人生，殊不知是噩梦的开始！#剧集二创榜##韩剧推荐# 网红柒点半的微博视频 \n          652万次播放\n        6:01\n      225\n    \n      90\n    1.5万\n              巧克梨Q\n              9-27 13:52 来自 微博 weibo.com假设你是这个小女孩的妈妈，下班回家看到这一幕...... \n      197\n    \n      874\n    1.5万\n              郭晓光\n              5小时前 来自 iPhone客户端小米科技园偶遇铁大，步态稳定性和速度比2个月前好了太多，这进步速度可以 郭晓光的微博视频 \n          68万次播放\n        0:14\n      107\n    \n      104\n    499\n              搞笑猎奇的航宝\n              10-8 11:52 来自 走丢的微博Android清朝大臣们的样貌不是亮点，他们的手才是！ \n      115\n    \n      1592\n    1.9万\n              小蛮腰沫沫\n              10-11 15:43 来自 微博视频号让人头皮发麻的老电影，揭露末代皇后婉容悲惨一生，既真实又残忍#国产片# #电影二创榜# 小蛮腰沫沫的微博视频 \n          339万次播放\n        9:04\n      217\n    \n      139\n    3737\n              杨博思\n              10-8 10:56 来自 微博 weibo.com有一个会做特效的男朋友是种什么样的体验？ 动图动图\n      26\n    \n      209\n    4168登录/注册正在加载 视频播放器。播放静音当前时间 0:00/时长 0:00加载完成: 0%媒体流类型 直播全屏打开对话窗口。Escape键将取消并关闭对话窗口文字Color白黑红绿蓝黄紫红青Transparency不透明半透明背景Color黑白红绿蓝黄紫红青Transparency不透明半透明透明窗口Color黑白红绿蓝黄紫红青Transparency透明半透明不透明字体尺寸50%75%100%125%150%175%200%300%400%字体边缘样式无浮雕压低均匀下阴影字体库比例无细体单间隔无细体比例细体单间隔细体舒适手写体小型大写字体重置 恢复全部设定至预设值完成关闭弹窗结束对话窗口关闭 \n    \n  \n    var config = {\n      env: \'prod\',\n      version: \'v2.10.15\',\n      login: [][0],\n      st: \'2d8dc6\',\n      uid: \'\',\n      pageConfig: [null][0] || {},\n      preferQuickapp: \'0\',\n      wm: \'\'\n    }\n  var $render_data = [{\n    \"showPSWLogin\": 1\n}][0] || {};\n  var __wb_performance_data={v:\"v8\",m:\"mainsite\",pwa:1,sw:0};\n  \n  \n\n\n\n', '\n                  榜单\n                  ', '\n                  热门\n                  ');
INSERT INTO `host` VALUES (20, '\n              杨博思\n              ', 'https://m.weibo.cn/profile/7372562045', 'https://tvax2.sinaimg.cn/crop.0.0.656.656.180/0082Wwb3ly8h2aakozmzaj30i80i874n.jpg?KID=imgbed,tva&Expires=1666272345&ssig=eRpXf1iq5X', '2001-10-08 10:56:00', ' 来自 微博 weibo.com', '有一个会做特效的男朋友是种什么样的体验？ ', '', '', '', '', '', 'https://wx3.sinaimg.cn/orj360/005vp4nfgy1fidf7oysong304o05ux6p.gif', '', NULL, '\n      26\n    ', '\n      209\n    ', '4168', '\n  大家都在搜：#这羊驼怎么人里人气的#\n                  热门\n                  \n                  榜单\n                  \n                  新鲜事\n                  \n                  同城\n                  \n                  科技\n                  \n                  明星\n                  \n                  电影\n                  \n                  音乐\n                  \n                  数码\n                  \n                  汽车\n                  \n                  游戏\n                  下拉刷新\n              沸点视频\n              昨天 22:43 来自 微博视频号【#3岁男孩偷酸奶被奶奶坚持送派出所# 拍摄者：底线问题不能惯】10月17日，湖南娄底，3岁男孩从邻居家拿了瓶酸奶，亲奶奶发现后坚持要送孩子到派出所。目击者刘先生称，有人觉得奶奶野蛮粗暴，我倒觉得这是三观最正的教育，孩子的底线问题不能惯，一定要让他记忆深刻。#蓝v视界#娄底  ...全文\n          430万次播放\n        0:16\n      559\n    \n      3350\n    5.7万\n              郑优秀啊\n              10-18 11:05 来自 iPhone客户端好高级的手机桌面 \n      35\n    \n      131\n    800\n              星视频\n              3小时前 来自 微博视频号\n              已编辑【#婚礼现场婆婆被宾客误认为是新娘#】近日，山东烟台。女子参加一对新人的婚礼，在酒店大厅门口，她将新娘的婆婆误认为是新娘。视频中，婆婆穿着喜庆的红色连衣裙，梳着空气刘海，看起来十分年轻。凑近一看，胸花上写着两个字——“母亲”。女子发文称“要不是新娘穿着婚纱出来，我还以为她是新娘”。 ...全文\n          200万次播放\n        1:00\n      104\n    \n      214\n    9635\n              郵寄光影\n              10-14 17:27\n              已编辑新的形容词出现了 董卿感学到了 \n      150\n    \n      322\n    6194\n              网红柒点半\n              10-13 17:21 来自 微博视频号女孩被母亲用一袋米卖掉人生，殊不知是噩梦的开始！#剧集二创榜##韩剧推荐# 网红柒点半的微博视频 \n          652万次播放\n        6:01\n      225\n    \n      90\n    1.5万\n              巧克梨Q\n              9-27 13:52 来自 微博 weibo.com假设你是这个小女孩的妈妈，下班回家看到这一幕...... \n      197\n    \n      874\n    1.5万\n              郭晓光\n              5小时前 来自 iPhone客户端小米科技园偶遇铁大，步态稳定性和速度比2个月前好了太多，这进步速度可以 郭晓光的微博视频 \n          68万次播放\n        0:14\n      107\n    \n      104\n    499\n              搞笑猎奇的航宝\n              10-8 11:52 来自 走丢的微博Android清朝大臣们的样貌不是亮点，他们的手才是！ \n      115\n    \n      1592\n    1.9万\n              小蛮腰沫沫\n              10-11 15:43 来自 微博视频号让人头皮发麻的老电影，揭露末代皇后婉容悲惨一生，既真实又残忍#国产片# #电影二创榜# 小蛮腰沫沫的微博视频 \n          339万次播放\n        9:04\n      217\n    \n      139\n    3737\n              杨博思\n              10-8 10:56 来自 微博 weibo.com有一个会做特效的男朋友是种什么样的体验？ 动图动图\n      26\n    \n      209\n    4168登录/注册正在加载 视频播放器。播放静音当前时间 0:00/时长 0:00加载完成: 0%媒体流类型 直播全屏打开对话窗口。Escape键将取消并关闭对话窗口文字Color白黑红绿蓝黄紫红青Transparency不透明半透明背景Color黑白红绿蓝黄紫红青Transparency不透明半透明透明窗口Color黑白红绿蓝黄紫红青Transparency透明半透明不透明字体尺寸50%75%100%125%150%175%200%300%400%字体边缘样式无浮雕压低均匀下阴影字体库比例无细体单间隔无细体比例细体单间隔细体舒适手写体小型大写字体重置 恢复全部设定至预设值完成关闭弹窗结束对话窗口关闭 \n    \n  \n    var config = {\n      env: \'prod\',\n      version: \'v2.10.15\',\n      login: [][0],\n      st: \'2d8dc6\',\n      uid: \'\',\n      pageConfig: [null][0] || {},\n      preferQuickapp: \'0\',\n      wm: \'\'\n    }\n  var $render_data = [{\n    \"showPSWLogin\": 1\n}][0] || {};\n  var __wb_performance_data={v:\"v8\",m:\"mainsite\",pwa:1,sw:0};\n  \n  \n\n\n\n', '\n                  榜单\n                  ', '\n                  热门\n                  ');
INSERT INTO `host` VALUES (31, '\n              沸点视频\n              ', 'https://m.weibo.cn/profile/5145725878', 'https://tvax2.sinaimg.cn/crop.0.0.1080.1080.180/005CeWmGly8h0qfcu1d7rj30u00u00th.jpg?KID=imgbed,tva&Expires=1666272627&ssig=%2BE0duZHrxe', '2001-10-12 15:55:00', ' 来自 微博视频号', '【#婆婆哽咽亲吻剖腹产生三胎儿媳#  儿媳：没想到妈妈有仪式感了】10月18日，河北保定，王女士三胎剖腹产刚出产房婆婆就跑着送花并亲吻她的脸颊说辛苦了。王女士称这是自己的第三胎，当时婆婆跟自己说话的时候都哽咽了，自己的鼻子也酸了，很感动。平时两人之间没有做过这种亲密的动作，婆婆对自己的爱 ...全文', 'https://m.weibo.cn/search?containerid=231522type%3D1%26t%3D10%26q%3D%23%E5%A9%86%E5%A9%86%E5%93%BD%E5%92%BD%E4%BA%B2%E5%90%BB%E5%89%96%E8%85%B9%E4%BA%A7%E7%94%9F%E4%B8%89%E8%83%8E%E5%84%BF%E5%AA%B3%23&extparam=%23%E5%A9%86%E5%A9%86%E5%93%BD%E5%92%BD%E4%BA%B2%E5%90%BB%E5%89%96%E8%85%B9%E4%BA%A7%E7%94%9F%E4%B8%89%E8%83%8E%E5%84%BF%E5%AA%B3%23&luicode=10000011&lfid=102803', '#婆婆哽咽亲吻剖腹产生三胎儿媳#', 'https://m.weibo.cn/status/4826681149755512', '', '', 'https://wx3.sinaimg.cn/orj480/005CeWmGly1h7btqae4bkj30u0140wu8.jpg', '\n          20万次播放\n        ', NULL, '\n      13\n    ', '\n      87\n    ', '891', '\n  大家都在搜：#LGD不敌Secret#\n                  热门\n                  \n                  榜单\n                  \n                  新鲜事\n                  \n                  同城\n                  \n                  科技\n                  \n                  明星\n                  \n                  电影\n                  \n                  音乐\n                  \n                  数码\n                  \n                  汽车\n                  \n                  游戏\n                  下拉刷新\n              沸点视频\n              2小时前 来自 微博视频号【#婆婆哽咽亲吻剖腹产生三胎儿媳#  儿媳：没想到妈妈有仪式感了】10月18日，河北保定，王女士三胎剖腹产刚出产房婆婆就跑着送花并亲吻她的脸颊说辛苦了。王女士称这是自己的第三胎，当时婆婆跟自己说话的时候都哽咽了，自己的鼻子也酸了，很感动。平时两人之间没有做过这种亲密的动作，婆婆对自己的爱 ...全文\n          20万次播放\n        0:16\n      13\n    \n      87\n    891\n              麻豆娱乐\n              10-12 19:43 来自 娱乐超话#两个人的小森林收官花絮照#两个人的小森林收官花絮照，虞美人和庄蒜的要永远永远幸福的在一起#虞美人庄羽收官花絮照# \n      22\n    \n      117\n    1689\n              网聚思想\n              10-19 08:36 来自 iPhone 11吉林长春，男子室外绘画上演画板消失术，“不生产画，只是大自然的搬运工。” 孝感 网聚思想的微博视频 \n          309万次播放\n        2:33\n      1800\n    \n      734\n    2.2万\n              黄晓明\n              10-11 17:04中午陪姥姥一起吃饭，二姨做的菜还是小时候的味道。弟弟用大碗，我用小碗，一如既往地被姥姥念叨着吃完，光盘行动从我做起 \n      2942\n    \n      6661\n    6.5万\n              天秀主\n              10-9 21:40 来自 微博视频号这手艺太牛了，佩服#爆笑课代表挑战赛# 天秀主的微博视频 \n          543万次播放\n        0:58\n      660\n    \n      827\n    3.1万\n              摸鱼哥哥\n              10-14 21:41葡萄洗的太干净了 \n      2400\n    \n      2079\n    2.4万\n              娱乐小桐\n              10-5 23:01 来自 微博视频号一个王者在青铜堆里玩耍。。。 娱乐小桐的微博视频 \n          283万次播放\n        2:06\n      803\n    \n      930\n    3.8万\n              沈浩楠\n              10-12 01:06 来自 微博 weibo.com居然有人真的会去搜索 \n      31\n    \n      448\n    7536\n              搞笑铺\n              9-29 15:14 来自 微博视频号幸好最后补上了，强迫症 看过了解压了    搞笑铺的微博视频 \n          900万次播放\n        0:56\n      28\n    \n      74\n    2761\n              巧克梨Q\n              10-12 12:30 来自 新版微博 weibo.com希望剧组还是用点心，p2已经改过来了 \n      1\n    \n      26\n    424登录/注册正在加载 视频播放器。播放静音当前时间 0:00/时长 0:00加载完成: 0%媒体流类型 直播全屏打开对话窗口。Escape键将取消并关闭对话窗口文字Color白黑红绿蓝黄紫红青Transparency不透明半透明背景Color黑白红绿蓝黄紫红青Transparency不透明半透明透明窗口Color黑白红绿蓝黄紫红青Transparency透明半透明不透明字体尺寸50%75%100%125%150%175%200%300%400%字体边缘样式无浮雕压低均匀下阴影字体库比例无细体单间隔无细体比例细体单间隔细体舒适手写体小型大写字体重置 恢复全部设定至预设值完成关闭弹窗结束对话窗口关闭 \n    \n  \n    var config = {\n      env: \'prod\',\n      version: \'v2.10.15\',\n      login: [][0],\n      st: \'7bdddf\',\n      uid: \'\',\n      pageConfig: [null][0] || {},\n      preferQuickapp: \'0\',\n      wm: \'\'\n    }\n  var $render_data = [{\n    \"showPSWLogin\": 1\n}][0] || {};\n  var __wb_performance_data={v:\"v8\",m:\"mainsite\",pwa:1,sw:0};\n  \n  \n\n\n\n', '\n                  榜单\n                  ', '\n                  热门\n                  ');
INSERT INTO `host` VALUES (32, '\n              麻豆娱乐\n              ', 'https://m.weibo.cn/profile/6097914837', 'https://tvax1.sinaimg.cn/crop.0.0.374.374.180/006EGed7ly8h6ldd042y9j30ae0ae3yl.jpg?KID=imgbed,tva&Expires=1666272627&ssig=tQ%2BeSygEk3', '2001-10-12 19:43:00', ' 来自 娱乐超话', '#两个人的小森林收官花絮照#两个人的小森林收官花絮照，虞美人和庄蒜的要永远永远幸福的在一起#虞美人庄羽收官花絮照# ', 'https://m.weibo.cn/search?containerid=231522type%3D1%26t%3D10%26q%3D%23%E4%B8%A4%E4%B8%AA%E4%BA%BA%E7%9A%84%E5%B0%8F%E6%A3%AE%E6%9E%97%E6%94%B6%E5%AE%98%E8%8A%B1%E7%B5%AE%E7%85%A7%23&extparam=%23%E4%B8%A4%E4%B8%AA%E4%BA%BA%E7%9A%84%E5%B0%8F%E6%A3%AE%E6%9E%97%E6%94%B6%E5%AE%98%E8%8A%B1%E7%B5%AE%E7%85%A7%23&luicode=10000011&lfid=102803', '#两个人的小森林收官花絮照#', 'https://m.weibo.cn/search?containerid=231522type%3D1%26t%3D10%26q%3D%23%E8%99%9E%E7%BE%8E%E4%BA%BA%E5%BA%84%E7%BE%BD%E6%94%B6%E5%AE%98%E8%8A%B1%E7%B5%AE%E7%85%A7%23&extparam=%23%E8%99%9E%E7%BE%8E%E4%BA%BA%E5%BA%84%E7%BE%BD%E6%94%B6%E5%AE%98%E8%8A%B1%E7%B5%AE%E7%85%A7%23&luicode=10000011&lfid=102803', 'https://h5.sinaimg.cn/m/emoticon/icon/default/fb_a1dacall-1e0c4593fc.png', '', 'https://wx3.sinaimg.cn/orj360/006EGed7gy1h72qr6t1toj30j60sr0wb.jpg', '', NULL, '\n      22\n    ', '\n      117\n    ', '1689', '\n  大家都在搜：#LGD不敌Secret#\n                  热门\n                  \n                  榜单\n                  \n                  新鲜事\n                  \n                  同城\n                  \n                  科技\n                  \n                  明星\n                  \n                  电影\n                  \n                  音乐\n                  \n                  数码\n                  \n                  汽车\n                  \n                  游戏\n                  下拉刷新\n              沸点视频\n              2小时前 来自 微博视频号【#婆婆哽咽亲吻剖腹产生三胎儿媳#  儿媳：没想到妈妈有仪式感了】10月18日，河北保定，王女士三胎剖腹产刚出产房婆婆就跑着送花并亲吻她的脸颊说辛苦了。王女士称这是自己的第三胎，当时婆婆跟自己说话的时候都哽咽了，自己的鼻子也酸了，很感动。平时两人之间没有做过这种亲密的动作，婆婆对自己的爱 ...全文\n          20万次播放\n        0:16\n      13\n    \n      87\n    891\n              麻豆娱乐\n              10-12 19:43 来自 娱乐超话#两个人的小森林收官花絮照#两个人的小森林收官花絮照，虞美人和庄蒜的要永远永远幸福的在一起#虞美人庄羽收官花絮照# \n      22\n    \n      117\n    1689\n              网聚思想\n              10-19 08:36 来自 iPhone 11吉林长春，男子室外绘画上演画板消失术，“不生产画，只是大自然的搬运工。” 孝感 网聚思想的微博视频 \n          309万次播放\n        2:33\n      1800\n    \n      734\n    2.2万\n              黄晓明\n              10-11 17:04中午陪姥姥一起吃饭，二姨做的菜还是小时候的味道。弟弟用大碗，我用小碗，一如既往地被姥姥念叨着吃完，光盘行动从我做起 \n      2942\n    \n      6661\n    6.5万\n              天秀主\n              10-9 21:40 来自 微博视频号这手艺太牛了，佩服#爆笑课代表挑战赛# 天秀主的微博视频 \n          543万次播放\n        0:58\n      660\n    \n      827\n    3.1万\n              摸鱼哥哥\n              10-14 21:41葡萄洗的太干净了 \n      2400\n    \n      2079\n    2.4万\n              娱乐小桐\n              10-5 23:01 来自 微博视频号一个王者在青铜堆里玩耍。。。 娱乐小桐的微博视频 \n          283万次播放\n        2:06\n      803\n    \n      930\n    3.8万\n              沈浩楠\n              10-12 01:06 来自 微博 weibo.com居然有人真的会去搜索 \n      31\n    \n      448\n    7536\n              搞笑铺\n              9-29 15:14 来自 微博视频号幸好最后补上了，强迫症 看过了解压了    搞笑铺的微博视频 \n          900万次播放\n        0:56\n      28\n    \n      74\n    2761\n              巧克梨Q\n              10-12 12:30 来自 新版微博 weibo.com希望剧组还是用点心，p2已经改过来了 \n      1\n    \n      26\n    424登录/注册正在加载 视频播放器。播放静音当前时间 0:00/时长 0:00加载完成: 0%媒体流类型 直播全屏打开对话窗口。Escape键将取消并关闭对话窗口文字Color白黑红绿蓝黄紫红青Transparency不透明半透明背景Color黑白红绿蓝黄紫红青Transparency不透明半透明透明窗口Color黑白红绿蓝黄紫红青Transparency透明半透明不透明字体尺寸50%75%100%125%150%175%200%300%400%字体边缘样式无浮雕压低均匀下阴影字体库比例无细体单间隔无细体比例细体单间隔细体舒适手写体小型大写字体重置 恢复全部设定至预设值完成关闭弹窗结束对话窗口关闭 \n    \n  \n    var config = {\n      env: \'prod\',\n      version: \'v2.10.15\',\n      login: [][0],\n      st: \'7bdddf\',\n      uid: \'\',\n      pageConfig: [null][0] || {},\n      preferQuickapp: \'0\',\n      wm: \'\'\n    }\n  var $render_data = [{\n    \"showPSWLogin\": 1\n}][0] || {};\n  var __wb_performance_data={v:\"v8\",m:\"mainsite\",pwa:1,sw:0};\n  \n  \n\n\n\n', '\n                  榜单\n                  ', '\n                  热门\n                  ');
INSERT INTO `host` VALUES (33, '\n              网聚思想\n              ', 'https://m.weibo.cn/profile/2866775674', 'https://tva2.sinaimg.cn/crop.0.0.640.640.180/aadf867ajw8f09c3ypn2xj20hs0hsq5c.jpg?KID=imgbed,tva&Expires=1666272627&ssig=tVxHJBZ1Ky', '2001-10-19 08:36:00', ' 来自 iPhone 11', '吉林长春，男子室外绘画上演画板消失术，“不生产画，只是大自然的搬运工。” 孝感 网聚思想的微博视频 ', 'http://weibo.com/p/1001018008642090000000000', '孝感', 'https://video.weibo.com/show?fid=1034:4826201236373522', 'https://h5.sinaimg.cn/m/emoticon/icon/others/h_zan-44ddc70637.png', '孝感', 'https://wx3.sinaimg.cn/orj480/aadf867agy1h7aar992pej20u0140qe7.jpg', '\n          309万次播放\n        ', NULL, '\n      1800\n    ', '\n      734\n    ', '2.2万', '\n  大家都在搜：#LGD不敌Secret#\n                  热门\n                  \n                  榜单\n                  \n                  新鲜事\n                  \n                  同城\n                  \n                  科技\n                  \n                  明星\n                  \n                  电影\n                  \n                  音乐\n                  \n                  数码\n                  \n                  汽车\n                  \n                  游戏\n                  下拉刷新\n              沸点视频\n              2小时前 来自 微博视频号【#婆婆哽咽亲吻剖腹产生三胎儿媳#  儿媳：没想到妈妈有仪式感了】10月18日，河北保定，王女士三胎剖腹产刚出产房婆婆就跑着送花并亲吻她的脸颊说辛苦了。王女士称这是自己的第三胎，当时婆婆跟自己说话的时候都哽咽了，自己的鼻子也酸了，很感动。平时两人之间没有做过这种亲密的动作，婆婆对自己的爱 ...全文\n          20万次播放\n        0:16\n      13\n    \n      87\n    891\n              麻豆娱乐\n              10-12 19:43 来自 娱乐超话#两个人的小森林收官花絮照#两个人的小森林收官花絮照，虞美人和庄蒜的要永远永远幸福的在一起#虞美人庄羽收官花絮照# \n      22\n    \n      117\n    1689\n              网聚思想\n              10-19 08:36 来自 iPhone 11吉林长春，男子室外绘画上演画板消失术，“不生产画，只是大自然的搬运工。” 孝感 网聚思想的微博视频 \n          309万次播放\n        2:33\n      1800\n    \n      734\n    2.2万\n              黄晓明\n              10-11 17:04中午陪姥姥一起吃饭，二姨做的菜还是小时候的味道。弟弟用大碗，我用小碗，一如既往地被姥姥念叨着吃完，光盘行动从我做起 \n      2942\n    \n      6661\n    6.5万\n              天秀主\n              10-9 21:40 来自 微博视频号这手艺太牛了，佩服#爆笑课代表挑战赛# 天秀主的微博视频 \n          543万次播放\n        0:58\n      660\n    \n      827\n    3.1万\n              摸鱼哥哥\n              10-14 21:41葡萄洗的太干净了 \n      2400\n    \n      2079\n    2.4万\n              娱乐小桐\n              10-5 23:01 来自 微博视频号一个王者在青铜堆里玩耍。。。 娱乐小桐的微博视频 \n          283万次播放\n        2:06\n      803\n    \n      930\n    3.8万\n              沈浩楠\n              10-12 01:06 来自 微博 weibo.com居然有人真的会去搜索 \n      31\n    \n      448\n    7536\n              搞笑铺\n              9-29 15:14 来自 微博视频号幸好最后补上了，强迫症 看过了解压了    搞笑铺的微博视频 \n          900万次播放\n        0:56\n      28\n    \n      74\n    2761\n              巧克梨Q\n              10-12 12:30 来自 新版微博 weibo.com希望剧组还是用点心，p2已经改过来了 \n      1\n    \n      26\n    424登录/注册正在加载 视频播放器。播放静音当前时间 0:00/时长 0:00加载完成: 0%媒体流类型 直播全屏打开对话窗口。Escape键将取消并关闭对话窗口文字Color白黑红绿蓝黄紫红青Transparency不透明半透明背景Color黑白红绿蓝黄紫红青Transparency不透明半透明透明窗口Color黑白红绿蓝黄紫红青Transparency透明半透明不透明字体尺寸50%75%100%125%150%175%200%300%400%字体边缘样式无浮雕压低均匀下阴影字体库比例无细体单间隔无细体比例细体单间隔细体舒适手写体小型大写字体重置 恢复全部设定至预设值完成关闭弹窗结束对话窗口关闭 \n    \n  \n    var config = {\n      env: \'prod\',\n      version: \'v2.10.15\',\n      login: [][0],\n      st: \'7bdddf\',\n      uid: \'\',\n      pageConfig: [null][0] || {},\n      preferQuickapp: \'0\',\n      wm: \'\'\n    }\n  var $render_data = [{\n    \"showPSWLogin\": 1\n}][0] || {};\n  var __wb_performance_data={v:\"v8\",m:\"mainsite\",pwa:1,sw:0};\n  \n  \n\n\n\n', '\n                  榜单\n                  ', '\n                  热门\n                  ');
INSERT INTO `host` VALUES (34, '\n              黄晓明\n              ', 'https://m.weibo.cn/profile/1730077315', 'https://tvax1.sinaimg.cn/crop.0.0.1080.1080.180/001T5e8Ply8gqmpp8ajv0j60u00u0gow02.jpg?KID=imgbed,tva&Expires=1666272627&ssig=sbf%2FQlA%2FTQ', '2001-10-11 17:04:00', '', '中午陪姥姥一起吃饭，二姨做的菜还是小时候的味道。弟弟用大碗，我用小碗，一如既往地被姥姥念叨着吃完，光盘行动从我做起 ', '', '', '', 'https://h5.sinaimg.cn/m/emoticon/icon/default/d_haha-0ec05e6dad.png', '', 'https://wx1.sinaimg.cn/orj360/001T5e8Ply1h71giqxobcj63402c0dqg02.jpg', '', NULL, '\n      2942\n    ', '\n      6661\n    ', '6.5万', '\n  大家都在搜：#LGD不敌Secret#\n                  热门\n                  \n                  榜单\n                  \n                  新鲜事\n                  \n                  同城\n                  \n                  科技\n                  \n                  明星\n                  \n                  电影\n                  \n                  音乐\n                  \n                  数码\n                  \n                  汽车\n                  \n                  游戏\n                  下拉刷新\n              沸点视频\n              2小时前 来自 微博视频号【#婆婆哽咽亲吻剖腹产生三胎儿媳#  儿媳：没想到妈妈有仪式感了】10月18日，河北保定，王女士三胎剖腹产刚出产房婆婆就跑着送花并亲吻她的脸颊说辛苦了。王女士称这是自己的第三胎，当时婆婆跟自己说话的时候都哽咽了，自己的鼻子也酸了，很感动。平时两人之间没有做过这种亲密的动作，婆婆对自己的爱 ...全文\n          20万次播放\n        0:16\n      13\n    \n      87\n    891\n              麻豆娱乐\n              10-12 19:43 来自 娱乐超话#两个人的小森林收官花絮照#两个人的小森林收官花絮照，虞美人和庄蒜的要永远永远幸福的在一起#虞美人庄羽收官花絮照# \n      22\n    \n      117\n    1689\n              网聚思想\n              10-19 08:36 来自 iPhone 11吉林长春，男子室外绘画上演画板消失术，“不生产画，只是大自然的搬运工。” 孝感 网聚思想的微博视频 \n          309万次播放\n        2:33\n      1800\n    \n      734\n    2.2万\n              黄晓明\n              10-11 17:04中午陪姥姥一起吃饭，二姨做的菜还是小时候的味道。弟弟用大碗，我用小碗，一如既往地被姥姥念叨着吃完，光盘行动从我做起 \n      2942\n    \n      6661\n    6.5万\n              天秀主\n              10-9 21:40 来自 微博视频号这手艺太牛了，佩服#爆笑课代表挑战赛# 天秀主的微博视频 \n          543万次播放\n        0:58\n      660\n    \n      827\n    3.1万\n              摸鱼哥哥\n              10-14 21:41葡萄洗的太干净了 \n      2400\n    \n      2079\n    2.4万\n              娱乐小桐\n              10-5 23:01 来自 微博视频号一个王者在青铜堆里玩耍。。。 娱乐小桐的微博视频 \n          283万次播放\n        2:06\n      803\n    \n      930\n    3.8万\n              沈浩楠\n              10-12 01:06 来自 微博 weibo.com居然有人真的会去搜索 \n      31\n    \n      448\n    7536\n              搞笑铺\n              9-29 15:14 来自 微博视频号幸好最后补上了，强迫症 看过了解压了    搞笑铺的微博视频 \n          900万次播放\n        0:56\n      28\n    \n      74\n    2761\n              巧克梨Q\n              10-12 12:30 来自 新版微博 weibo.com希望剧组还是用点心，p2已经改过来了 \n      1\n    \n      26\n    424登录/注册正在加载 视频播放器。播放静音当前时间 0:00/时长 0:00加载完成: 0%媒体流类型 直播全屏打开对话窗口。Escape键将取消并关闭对话窗口文字Color白黑红绿蓝黄紫红青Transparency不透明半透明背景Color黑白红绿蓝黄紫红青Transparency不透明半透明透明窗口Color黑白红绿蓝黄紫红青Transparency透明半透明不透明字体尺寸50%75%100%125%150%175%200%300%400%字体边缘样式无浮雕压低均匀下阴影字体库比例无细体单间隔无细体比例细体单间隔细体舒适手写体小型大写字体重置 恢复全部设定至预设值完成关闭弹窗结束对话窗口关闭 \n    \n  \n    var config = {\n      env: \'prod\',\n      version: \'v2.10.15\',\n      login: [][0],\n      st: \'7bdddf\',\n      uid: \'\',\n      pageConfig: [null][0] || {},\n      preferQuickapp: \'0\',\n      wm: \'\'\n    }\n  var $render_data = [{\n    \"showPSWLogin\": 1\n}][0] || {};\n  var __wb_performance_data={v:\"v8\",m:\"mainsite\",pwa:1,sw:0};\n  \n  \n\n\n\n', '\n                  榜单\n                  ', '\n                  热门\n                  ');
INSERT INTO `host` VALUES (35, '\n              天秀主\n              ', 'https://m.weibo.cn/profile/5100613892', 'https://tvax3.sinaimg.cn/crop.0.0.664.664.180/005zbEG0ly8gdi8v73zpxj30ig0igwev.jpg?KID=imgbed,tva&Expires=1666272627&ssig=uXcH8n%2F%2BeF', '2001-10-09 21:40:00', ' 来自 微博视频号', '这手艺太牛了，佩服#爆笑课代表挑战赛# 天秀主的微博视频 ', 'https://m.weibo.cn/search?containerid=231522type%3D1%26t%3D10%26q%3D%23%E7%88%86%E7%AC%91%E8%AF%BE%E4%BB%A3%E8%A1%A8%E6%8C%91%E6%88%98%E8%B5%9B%23&extparam=%23%E7%88%86%E7%AC%91%E8%AF%BE%E4%BB%A3%E8%A1%A8%E6%8C%91%E6%88%98%E8%B5%9B%23&luicode=10000011&lfid=102803', '#爆笑课代表挑战赛#', 'https://video.weibo.com/show?fid=1034:4822775349837940', 'https://h5.sinaimg.cn/upload/2015/09/25/3/timeline_card_small_video_default.png', '天秀主的微博视频', 'https://wx4.sinaimg.cn/orj480/005zbEG0gy1h6zd7sqow3j30u01hcn48.jpg', '\n          543万次播放\n        ', NULL, '\n      660\n    ', '\n      827\n    ', '3.1万', '\n  大家都在搜：#LGD不敌Secret#\n                  热门\n                  \n                  榜单\n                  \n                  新鲜事\n                  \n                  同城\n                  \n                  科技\n                  \n                  明星\n                  \n                  电影\n                  \n                  音乐\n                  \n                  数码\n                  \n                  汽车\n                  \n                  游戏\n                  下拉刷新\n              沸点视频\n              2小时前 来自 微博视频号【#婆婆哽咽亲吻剖腹产生三胎儿媳#  儿媳：没想到妈妈有仪式感了】10月18日，河北保定，王女士三胎剖腹产刚出产房婆婆就跑着送花并亲吻她的脸颊说辛苦了。王女士称这是自己的第三胎，当时婆婆跟自己说话的时候都哽咽了，自己的鼻子也酸了，很感动。平时两人之间没有做过这种亲密的动作，婆婆对自己的爱 ...全文\n          20万次播放\n        0:16\n      13\n    \n      87\n    891\n              麻豆娱乐\n              10-12 19:43 来自 娱乐超话#两个人的小森林收官花絮照#两个人的小森林收官花絮照，虞美人和庄蒜的要永远永远幸福的在一起#虞美人庄羽收官花絮照# \n      22\n    \n      117\n    1689\n              网聚思想\n              10-19 08:36 来自 iPhone 11吉林长春，男子室外绘画上演画板消失术，“不生产画，只是大自然的搬运工。” 孝感 网聚思想的微博视频 \n          309万次播放\n        2:33\n      1800\n    \n      734\n    2.2万\n              黄晓明\n              10-11 17:04中午陪姥姥一起吃饭，二姨做的菜还是小时候的味道。弟弟用大碗，我用小碗，一如既往地被姥姥念叨着吃完，光盘行动从我做起 \n      2942\n    \n      6661\n    6.5万\n              天秀主\n              10-9 21:40 来自 微博视频号这手艺太牛了，佩服#爆笑课代表挑战赛# 天秀主的微博视频 \n          543万次播放\n        0:58\n      660\n    \n      827\n    3.1万\n              摸鱼哥哥\n              10-14 21:41葡萄洗的太干净了 \n      2400\n    \n      2079\n    2.4万\n              娱乐小桐\n              10-5 23:01 来自 微博视频号一个王者在青铜堆里玩耍。。。 娱乐小桐的微博视频 \n          283万次播放\n        2:06\n      803\n    \n      930\n    3.8万\n              沈浩楠\n              10-12 01:06 来自 微博 weibo.com居然有人真的会去搜索 \n      31\n    \n      448\n    7536\n              搞笑铺\n              9-29 15:14 来自 微博视频号幸好最后补上了，强迫症 看过了解压了    搞笑铺的微博视频 \n          900万次播放\n        0:56\n      28\n    \n      74\n    2761\n              巧克梨Q\n              10-12 12:30 来自 新版微博 weibo.com希望剧组还是用点心，p2已经改过来了 \n      1\n    \n      26\n    424登录/注册正在加载 视频播放器。播放静音当前时间 0:00/时长 0:00加载完成: 0%媒体流类型 直播全屏打开对话窗口。Escape键将取消并关闭对话窗口文字Color白黑红绿蓝黄紫红青Transparency不透明半透明背景Color黑白红绿蓝黄紫红青Transparency不透明半透明透明窗口Color黑白红绿蓝黄紫红青Transparency透明半透明不透明字体尺寸50%75%100%125%150%175%200%300%400%字体边缘样式无浮雕压低均匀下阴影字体库比例无细体单间隔无细体比例细体单间隔细体舒适手写体小型大写字体重置 恢复全部设定至预设值完成关闭弹窗结束对话窗口关闭 \n    \n  \n    var config = {\n      env: \'prod\',\n      version: \'v2.10.15\',\n      login: [][0],\n      st: \'7bdddf\',\n      uid: \'\',\n      pageConfig: [null][0] || {},\n      preferQuickapp: \'0\',\n      wm: \'\'\n    }\n  var $render_data = [{\n    \"showPSWLogin\": 1\n}][0] || {};\n  var __wb_performance_data={v:\"v8\",m:\"mainsite\",pwa:1,sw:0};\n  \n  \n\n\n\n', '\n                  榜单\n                  ', '\n                  热门\n                  ');
INSERT INTO `host` VALUES (36, '\n              摸鱼哥哥\n              ', 'https://m.weibo.cn/profile/5329149290', 'https://tvax2.sinaimg.cn/crop.0.0.1080.1080.180/005OEzaOly8h4v8gqsb9rj30u00u03zz.jpg?KID=imgbed,tva&Expires=1666272627&ssig=xmN9iF8PHl', '2001-10-14 21:41:00', '', '葡萄洗的太干净了 ', '', '', '', '', '', 'https://wx4.sinaimg.cn/orj360/005OEzaOly1h755dt5g9sj30u01h4tev.jpg', '', NULL, '\n      2400\n    ', '\n      2079\n    ', '2.4万', '\n  大家都在搜：#LGD不敌Secret#\n                  热门\n                  \n                  榜单\n                  \n                  新鲜事\n                  \n                  同城\n                  \n                  科技\n                  \n                  明星\n                  \n                  电影\n                  \n                  音乐\n                  \n                  数码\n                  \n                  汽车\n                  \n                  游戏\n                  下拉刷新\n              沸点视频\n              2小时前 来自 微博视频号【#婆婆哽咽亲吻剖腹产生三胎儿媳#  儿媳：没想到妈妈有仪式感了】10月18日，河北保定，王女士三胎剖腹产刚出产房婆婆就跑着送花并亲吻她的脸颊说辛苦了。王女士称这是自己的第三胎，当时婆婆跟自己说话的时候都哽咽了，自己的鼻子也酸了，很感动。平时两人之间没有做过这种亲密的动作，婆婆对自己的爱 ...全文\n          20万次播放\n        0:16\n      13\n    \n      87\n    891\n              麻豆娱乐\n              10-12 19:43 来自 娱乐超话#两个人的小森林收官花絮照#两个人的小森林收官花絮照，虞美人和庄蒜的要永远永远幸福的在一起#虞美人庄羽收官花絮照# \n      22\n    \n      117\n    1689\n              网聚思想\n              10-19 08:36 来自 iPhone 11吉林长春，男子室外绘画上演画板消失术，“不生产画，只是大自然的搬运工。” 孝感 网聚思想的微博视频 \n          309万次播放\n        2:33\n      1800\n    \n      734\n    2.2万\n              黄晓明\n              10-11 17:04中午陪姥姥一起吃饭，二姨做的菜还是小时候的味道。弟弟用大碗，我用小碗，一如既往地被姥姥念叨着吃完，光盘行动从我做起 \n      2942\n    \n      6661\n    6.5万\n              天秀主\n              10-9 21:40 来自 微博视频号这手艺太牛了，佩服#爆笑课代表挑战赛# 天秀主的微博视频 \n          543万次播放\n        0:58\n      660\n    \n      827\n    3.1万\n              摸鱼哥哥\n              10-14 21:41葡萄洗的太干净了 \n      2400\n    \n      2079\n    2.4万\n              娱乐小桐\n              10-5 23:01 来自 微博视频号一个王者在青铜堆里玩耍。。。 娱乐小桐的微博视频 \n          283万次播放\n        2:06\n      803\n    \n      930\n    3.8万\n              沈浩楠\n              10-12 01:06 来自 微博 weibo.com居然有人真的会去搜索 \n      31\n    \n      448\n    7536\n              搞笑铺\n              9-29 15:14 来自 微博视频号幸好最后补上了，强迫症 看过了解压了    搞笑铺的微博视频 \n          900万次播放\n        0:56\n      28\n    \n      74\n    2761\n              巧克梨Q\n              10-12 12:30 来自 新版微博 weibo.com希望剧组还是用点心，p2已经改过来了 \n      1\n    \n      26\n    424登录/注册正在加载 视频播放器。播放静音当前时间 0:00/时长 0:00加载完成: 0%媒体流类型 直播全屏打开对话窗口。Escape键将取消并关闭对话窗口文字Color白黑红绿蓝黄紫红青Transparency不透明半透明背景Color黑白红绿蓝黄紫红青Transparency不透明半透明透明窗口Color黑白红绿蓝黄紫红青Transparency透明半透明不透明字体尺寸50%75%100%125%150%175%200%300%400%字体边缘样式无浮雕压低均匀下阴影字体库比例无细体单间隔无细体比例细体单间隔细体舒适手写体小型大写字体重置 恢复全部设定至预设值完成关闭弹窗结束对话窗口关闭 \n    \n  \n    var config = {\n      env: \'prod\',\n      version: \'v2.10.15\',\n      login: [][0],\n      st: \'7bdddf\',\n      uid: \'\',\n      pageConfig: [null][0] || {},\n      preferQuickapp: \'0\',\n      wm: \'\'\n    }\n  var $render_data = [{\n    \"showPSWLogin\": 1\n}][0] || {};\n  var __wb_performance_data={v:\"v8\",m:\"mainsite\",pwa:1,sw:0};\n  \n  \n\n\n\n', '\n                  榜单\n                  ', '\n                  热门\n                  ');
INSERT INTO `host` VALUES (37, '\n              娱乐小桐\n              ', 'https://m.weibo.cn/profile/1983957075', 'https://tvax1.sinaimg.cn/crop.97.75.277.277.180/002agtRFly8gvjn6av1oyj60dw0dwwev02.jpg?KID=imgbed,tva&Expires=1666272627&ssig=pbUgFs%2B%2BOk', '2001-10-05 23:01:00', ' 来自 微博视频号', '一个王者在青铜堆里玩耍。。。 娱乐小桐的微博视频 ', 'https://video.weibo.com/show?fid=1034:4819082672013418', '娱乐小桐的微博视频', '', 'https://h5.sinaimg.cn/upload/2015/09/25/3/timeline_card_small_video_default.png', '娱乐小桐的微博视频', 'https://wx1.sinaimg.cn/orj480/7640c853ly1h6nl44cj7zj20dc0nqn00.jpg', '\n          283万次播放\n        ', NULL, '\n      803\n    ', '\n      930\n    ', '3.8万', '\n  大家都在搜：#LGD不敌Secret#\n                  热门\n                  \n                  榜单\n                  \n                  新鲜事\n                  \n                  同城\n                  \n                  科技\n                  \n                  明星\n                  \n                  电影\n                  \n                  音乐\n                  \n                  数码\n                  \n                  汽车\n                  \n                  游戏\n                  下拉刷新\n              沸点视频\n              2小时前 来自 微博视频号【#婆婆哽咽亲吻剖腹产生三胎儿媳#  儿媳：没想到妈妈有仪式感了】10月18日，河北保定，王女士三胎剖腹产刚出产房婆婆就跑着送花并亲吻她的脸颊说辛苦了。王女士称这是自己的第三胎，当时婆婆跟自己说话的时候都哽咽了，自己的鼻子也酸了，很感动。平时两人之间没有做过这种亲密的动作，婆婆对自己的爱 ...全文\n          20万次播放\n        0:16\n      13\n    \n      87\n    891\n              麻豆娱乐\n              10-12 19:43 来自 娱乐超话#两个人的小森林收官花絮照#两个人的小森林收官花絮照，虞美人和庄蒜的要永远永远幸福的在一起#虞美人庄羽收官花絮照# \n      22\n    \n      117\n    1689\n              网聚思想\n              10-19 08:36 来自 iPhone 11吉林长春，男子室外绘画上演画板消失术，“不生产画，只是大自然的搬运工。” 孝感 网聚思想的微博视频 \n          309万次播放\n        2:33\n      1800\n    \n      734\n    2.2万\n              黄晓明\n              10-11 17:04中午陪姥姥一起吃饭，二姨做的菜还是小时候的味道。弟弟用大碗，我用小碗，一如既往地被姥姥念叨着吃完，光盘行动从我做起 \n      2942\n    \n      6661\n    6.5万\n              天秀主\n              10-9 21:40 来自 微博视频号这手艺太牛了，佩服#爆笑课代表挑战赛# 天秀主的微博视频 \n          543万次播放\n        0:58\n      660\n    \n      827\n    3.1万\n              摸鱼哥哥\n              10-14 21:41葡萄洗的太干净了 \n      2400\n    \n      2079\n    2.4万\n              娱乐小桐\n              10-5 23:01 来自 微博视频号一个王者在青铜堆里玩耍。。。 娱乐小桐的微博视频 \n          283万次播放\n        2:06\n      803\n    \n      930\n    3.8万\n              沈浩楠\n              10-12 01:06 来自 微博 weibo.com居然有人真的会去搜索 \n      31\n    \n      448\n    7536\n              搞笑铺\n              9-29 15:14 来自 微博视频号幸好最后补上了，强迫症 看过了解压了    搞笑铺的微博视频 \n          900万次播放\n        0:56\n      28\n    \n      74\n    2761\n              巧克梨Q\n              10-12 12:30 来自 新版微博 weibo.com希望剧组还是用点心，p2已经改过来了 \n      1\n    \n      26\n    424登录/注册正在加载 视频播放器。播放静音当前时间 0:00/时长 0:00加载完成: 0%媒体流类型 直播全屏打开对话窗口。Escape键将取消并关闭对话窗口文字Color白黑红绿蓝黄紫红青Transparency不透明半透明背景Color黑白红绿蓝黄紫红青Transparency不透明半透明透明窗口Color黑白红绿蓝黄紫红青Transparency透明半透明不透明字体尺寸50%75%100%125%150%175%200%300%400%字体边缘样式无浮雕压低均匀下阴影字体库比例无细体单间隔无细体比例细体单间隔细体舒适手写体小型大写字体重置 恢复全部设定至预设值完成关闭弹窗结束对话窗口关闭 \n    \n  \n    var config = {\n      env: \'prod\',\n      version: \'v2.10.15\',\n      login: [][0],\n      st: \'7bdddf\',\n      uid: \'\',\n      pageConfig: [null][0] || {},\n      preferQuickapp: \'0\',\n      wm: \'\'\n    }\n  var $render_data = [{\n    \"showPSWLogin\": 1\n}][0] || {};\n  var __wb_performance_data={v:\"v8\",m:\"mainsite\",pwa:1,sw:0};\n  \n  \n\n\n\n', '\n                  榜单\n                  ', '\n                  热门\n                  ');
INSERT INTO `host` VALUES (38, '\n              沈浩楠\n              ', 'https://m.weibo.cn/profile/6131686177', 'https://tvax4.sinaimg.cn/crop.0.0.1001.1001.180/006GXVG9ly8h19py9ifv9j30rt0rtjth.jpg?KID=imgbed,tva&Expires=1666272627&ssig=zdBA9nrwMY', '2001-10-12 01:06:00', ' 来自 微博 weibo.com', '居然有人真的会去搜索 ', '', '', '', 'https://h5.sinaimg.cn/m/emoticon/icon/doraemon/dr_03haipa-32e9b53caf.png', '', 'https://wx2.sinaimg.cn/orj360/005Rvdizly1h4w3az1ge0j30oc165acx.jpg', '', NULL, '\n      31\n    ', '\n      448\n    ', '7536', '\n  大家都在搜：#LGD不敌Secret#\n                  热门\n                  \n                  榜单\n                  \n                  新鲜事\n                  \n                  同城\n                  \n                  科技\n                  \n                  明星\n                  \n                  电影\n                  \n                  音乐\n                  \n                  数码\n                  \n                  汽车\n                  \n                  游戏\n                  下拉刷新\n              沸点视频\n              2小时前 来自 微博视频号【#婆婆哽咽亲吻剖腹产生三胎儿媳#  儿媳：没想到妈妈有仪式感了】10月18日，河北保定，王女士三胎剖腹产刚出产房婆婆就跑着送花并亲吻她的脸颊说辛苦了。王女士称这是自己的第三胎，当时婆婆跟自己说话的时候都哽咽了，自己的鼻子也酸了，很感动。平时两人之间没有做过这种亲密的动作，婆婆对自己的爱 ...全文\n          20万次播放\n        0:16\n      13\n    \n      87\n    891\n              麻豆娱乐\n              10-12 19:43 来自 娱乐超话#两个人的小森林收官花絮照#两个人的小森林收官花絮照，虞美人和庄蒜的要永远永远幸福的在一起#虞美人庄羽收官花絮照# \n      22\n    \n      117\n    1689\n              网聚思想\n              10-19 08:36 来自 iPhone 11吉林长春，男子室外绘画上演画板消失术，“不生产画，只是大自然的搬运工。” 孝感 网聚思想的微博视频 \n          309万次播放\n        2:33\n      1800\n    \n      734\n    2.2万\n              黄晓明\n              10-11 17:04中午陪姥姥一起吃饭，二姨做的菜还是小时候的味道。弟弟用大碗，我用小碗，一如既往地被姥姥念叨着吃完，光盘行动从我做起 \n      2942\n    \n      6661\n    6.5万\n              天秀主\n              10-9 21:40 来自 微博视频号这手艺太牛了，佩服#爆笑课代表挑战赛# 天秀主的微博视频 \n          543万次播放\n        0:58\n      660\n    \n      827\n    3.1万\n              摸鱼哥哥\n              10-14 21:41葡萄洗的太干净了 \n      2400\n    \n      2079\n    2.4万\n              娱乐小桐\n              10-5 23:01 来自 微博视频号一个王者在青铜堆里玩耍。。。 娱乐小桐的微博视频 \n          283万次播放\n        2:06\n      803\n    \n      930\n    3.8万\n              沈浩楠\n              10-12 01:06 来自 微博 weibo.com居然有人真的会去搜索 \n      31\n    \n      448\n    7536\n              搞笑铺\n              9-29 15:14 来自 微博视频号幸好最后补上了，强迫症 看过了解压了    搞笑铺的微博视频 \n          900万次播放\n        0:56\n      28\n    \n      74\n    2761\n              巧克梨Q\n              10-12 12:30 来自 新版微博 weibo.com希望剧组还是用点心，p2已经改过来了 \n      1\n    \n      26\n    424登录/注册正在加载 视频播放器。播放静音当前时间 0:00/时长 0:00加载完成: 0%媒体流类型 直播全屏打开对话窗口。Escape键将取消并关闭对话窗口文字Color白黑红绿蓝黄紫红青Transparency不透明半透明背景Color黑白红绿蓝黄紫红青Transparency不透明半透明透明窗口Color黑白红绿蓝黄紫红青Transparency透明半透明不透明字体尺寸50%75%100%125%150%175%200%300%400%字体边缘样式无浮雕压低均匀下阴影字体库比例无细体单间隔无细体比例细体单间隔细体舒适手写体小型大写字体重置 恢复全部设定至预设值完成关闭弹窗结束对话窗口关闭 \n    \n  \n    var config = {\n      env: \'prod\',\n      version: \'v2.10.15\',\n      login: [][0],\n      st: \'7bdddf\',\n      uid: \'\',\n      pageConfig: [null][0] || {},\n      preferQuickapp: \'0\',\n      wm: \'\'\n    }\n  var $render_data = [{\n    \"showPSWLogin\": 1\n}][0] || {};\n  var __wb_performance_data={v:\"v8\",m:\"mainsite\",pwa:1,sw:0};\n  \n  \n\n\n\n', '\n                  榜单\n                  ', '\n                  热门\n                  ');
INSERT INTO `host` VALUES (39, '\n              搞笑铺\n              ', 'https://m.weibo.cn/profile/6897366950', 'https://tvax4.sinaimg.cn/crop.0.0.690.690.180/007wMEe2ly8gl7s257tnvj30j60j676i.jpg?KID=imgbed,tva&Expires=1666272627&ssig=z5c1OWlLT4', '2001-09-29 15:14:00', ' 来自 微博视频号', '幸好最后补上了，强迫症 看过了解压了    搞笑铺的微博视频 ', 'https://video.weibo.com/show?fid=1034:4819053253165077', '搞笑铺的微博视频', '', 'https://h5.sinaimg.cn/upload/2015/09/25/3/timeline_card_small_video_default.png', '搞笑铺的微博视频', 'https://wx4.sinaimg.cn/orj480/007wMEe2ly1h6nhvu244rj30g00sgq3d.jpg', '\n          900万次播放\n        ', NULL, '\n      28\n    ', '\n      74\n    ', '2761', '\n  大家都在搜：#LGD不敌Secret#\n                  热门\n                  \n                  榜单\n                  \n                  新鲜事\n                  \n                  同城\n                  \n                  科技\n                  \n                  明星\n                  \n                  电影\n                  \n                  音乐\n                  \n                  数码\n                  \n                  汽车\n                  \n                  游戏\n                  下拉刷新\n              沸点视频\n              2小时前 来自 微博视频号【#婆婆哽咽亲吻剖腹产生三胎儿媳#  儿媳：没想到妈妈有仪式感了】10月18日，河北保定，王女士三胎剖腹产刚出产房婆婆就跑着送花并亲吻她的脸颊说辛苦了。王女士称这是自己的第三胎，当时婆婆跟自己说话的时候都哽咽了，自己的鼻子也酸了，很感动。平时两人之间没有做过这种亲密的动作，婆婆对自己的爱 ...全文\n          20万次播放\n        0:16\n      13\n    \n      87\n    891\n              麻豆娱乐\n              10-12 19:43 来自 娱乐超话#两个人的小森林收官花絮照#两个人的小森林收官花絮照，虞美人和庄蒜的要永远永远幸福的在一起#虞美人庄羽收官花絮照# \n      22\n    \n      117\n    1689\n              网聚思想\n              10-19 08:36 来自 iPhone 11吉林长春，男子室外绘画上演画板消失术，“不生产画，只是大自然的搬运工。” 孝感 网聚思想的微博视频 \n          309万次播放\n        2:33\n      1800\n    \n      734\n    2.2万\n              黄晓明\n              10-11 17:04中午陪姥姥一起吃饭，二姨做的菜还是小时候的味道。弟弟用大碗，我用小碗，一如既往地被姥姥念叨着吃完，光盘行动从我做起 \n      2942\n    \n      6661\n    6.5万\n              天秀主\n              10-9 21:40 来自 微博视频号这手艺太牛了，佩服#爆笑课代表挑战赛# 天秀主的微博视频 \n          543万次播放\n        0:58\n      660\n    \n      827\n    3.1万\n              摸鱼哥哥\n              10-14 21:41葡萄洗的太干净了 \n      2400\n    \n      2079\n    2.4万\n              娱乐小桐\n              10-5 23:01 来自 微博视频号一个王者在青铜堆里玩耍。。。 娱乐小桐的微博视频 \n          283万次播放\n        2:06\n      803\n    \n      930\n    3.8万\n              沈浩楠\n              10-12 01:06 来自 微博 weibo.com居然有人真的会去搜索 \n      31\n    \n      448\n    7536\n              搞笑铺\n              9-29 15:14 来自 微博视频号幸好最后补上了，强迫症 看过了解压了    搞笑铺的微博视频 \n          900万次播放\n        0:56\n      28\n    \n      74\n    2761\n              巧克梨Q\n              10-12 12:30 来自 新版微博 weibo.com希望剧组还是用点心，p2已经改过来了 \n      1\n    \n      26\n    424登录/注册正在加载 视频播放器。播放静音当前时间 0:00/时长 0:00加载完成: 0%媒体流类型 直播全屏打开对话窗口。Escape键将取消并关闭对话窗口文字Color白黑红绿蓝黄紫红青Transparency不透明半透明背景Color黑白红绿蓝黄紫红青Transparency不透明半透明透明窗口Color黑白红绿蓝黄紫红青Transparency透明半透明不透明字体尺寸50%75%100%125%150%175%200%300%400%字体边缘样式无浮雕压低均匀下阴影字体库比例无细体单间隔无细体比例细体单间隔细体舒适手写体小型大写字体重置 恢复全部设定至预设值完成关闭弹窗结束对话窗口关闭 \n    \n  \n    var config = {\n      env: \'prod\',\n      version: \'v2.10.15\',\n      login: [][0],\n      st: \'7bdddf\',\n      uid: \'\',\n      pageConfig: [null][0] || {},\n      preferQuickapp: \'0\',\n      wm: \'\'\n    }\n  var $render_data = [{\n    \"showPSWLogin\": 1\n}][0] || {};\n  var __wb_performance_data={v:\"v8\",m:\"mainsite\",pwa:1,sw:0};\n  \n  \n\n\n\n', '\n                  榜单\n                  ', '\n                  热门\n                  ');
INSERT INTO `host` VALUES (40, '\n              巧克梨Q\n              ', 'https://m.weibo.cn/profile/5236465571', 'https://tvax2.sinaimg.cn/crop.0.0.512.512.180/005InFU7ly8h55f2zz1owj30e80e83ys.jpg?KID=imgbed,tva&Expires=1666272627&ssig=akNWLx7xKH', '2001-10-12 12:30:00', ' 来自 新版微博 weibo.com', '希望剧组还是用点心，p2已经改过来了 ', '', '', '', '', '', 'https://wx1.sinaimg.cn/orj360/006U3Hg5ly1h68fdq17jhj30u00jndjk.jpg', '', NULL, '\n      1\n    ', '\n      26\n    ', '424', '\n  大家都在搜：#LGD不敌Secret#\n                  热门\n                  \n                  榜单\n                  \n                  新鲜事\n                  \n                  同城\n                  \n                  科技\n                  \n                  明星\n                  \n                  电影\n                  \n                  音乐\n                  \n                  数码\n                  \n                  汽车\n                  \n                  游戏\n                  下拉刷新\n              沸点视频\n              2小时前 来自 微博视频号【#婆婆哽咽亲吻剖腹产生三胎儿媳#  儿媳：没想到妈妈有仪式感了】10月18日，河北保定，王女士三胎剖腹产刚出产房婆婆就跑着送花并亲吻她的脸颊说辛苦了。王女士称这是自己的第三胎，当时婆婆跟自己说话的时候都哽咽了，自己的鼻子也酸了，很感动。平时两人之间没有做过这种亲密的动作，婆婆对自己的爱 ...全文\n          20万次播放\n        0:16\n      13\n    \n      87\n    891\n              麻豆娱乐\n              10-12 19:43 来自 娱乐超话#两个人的小森林收官花絮照#两个人的小森林收官花絮照，虞美人和庄蒜的要永远永远幸福的在一起#虞美人庄羽收官花絮照# \n      22\n    \n      117\n    1689\n              网聚思想\n              10-19 08:36 来自 iPhone 11吉林长春，男子室外绘画上演画板消失术，“不生产画，只是大自然的搬运工。” 孝感 网聚思想的微博视频 \n          309万次播放\n        2:33\n      1800\n    \n      734\n    2.2万\n              黄晓明\n              10-11 17:04中午陪姥姥一起吃饭，二姨做的菜还是小时候的味道。弟弟用大碗，我用小碗，一如既往地被姥姥念叨着吃完，光盘行动从我做起 \n      2942\n    \n      6661\n    6.5万\n              天秀主\n              10-9 21:40 来自 微博视频号这手艺太牛了，佩服#爆笑课代表挑战赛# 天秀主的微博视频 \n          543万次播放\n        0:58\n      660\n    \n      827\n    3.1万\n              摸鱼哥哥\n              10-14 21:41葡萄洗的太干净了 \n      2400\n    \n      2079\n    2.4万\n              娱乐小桐\n              10-5 23:01 来自 微博视频号一个王者在青铜堆里玩耍。。。 娱乐小桐的微博视频 \n          283万次播放\n        2:06\n      803\n    \n      930\n    3.8万\n              沈浩楠\n              10-12 01:06 来自 微博 weibo.com居然有人真的会去搜索 \n      31\n    \n      448\n    7536\n              搞笑铺\n              9-29 15:14 来自 微博视频号幸好最后补上了，强迫症 看过了解压了    搞笑铺的微博视频 \n          900万次播放\n        0:56\n      28\n    \n      74\n    2761\n              巧克梨Q\n              10-12 12:30 来自 新版微博 weibo.com希望剧组还是用点心，p2已经改过来了 \n      1\n    \n      26\n    424登录/注册正在加载 视频播放器。播放静音当前时间 0:00/时长 0:00加载完成: 0%媒体流类型 直播全屏打开对话窗口。Escape键将取消并关闭对话窗口文字Color白黑红绿蓝黄紫红青Transparency不透明半透明背景Color黑白红绿蓝黄紫红青Transparency不透明半透明透明窗口Color黑白红绿蓝黄紫红青Transparency透明半透明不透明字体尺寸50%75%100%125%150%175%200%300%400%字体边缘样式无浮雕压低均匀下阴影字体库比例无细体单间隔无细体比例细体单间隔细体舒适手写体小型大写字体重置 恢复全部设定至预设值完成关闭弹窗结束对话窗口关闭 \n    \n  \n    var config = {\n      env: \'prod\',\n      version: \'v2.10.15\',\n      login: [][0],\n      st: \'7bdddf\',\n      uid: \'\',\n      pageConfig: [null][0] || {},\n      preferQuickapp: \'0\',\n      wm: \'\'\n    }\n  var $render_data = [{\n    \"showPSWLogin\": 1\n}][0] || {};\n  var __wb_performance_data={v:\"v8\",m:\"mainsite\",pwa:1,sw:0};\n  \n  \n\n\n\n', '\n                  榜单\n                  ', '\n                  热门\n                  ');
INSERT INTO `host` VALUES (101, '\n              Dear-迪丽热巴\n              ', 'https://m.weibo.cn/profile/1669879400', 'https://tvax1.sinaimg.cn/crop.0.0.1080.1080.180/63885668ly8geyrcrw0zjj20u00u0mz6.jpg?KID=imgbed,tva&Expires=1666274221&ssig=31fsBQDMGC', '2001-10-08 14:35:00', '', '入秋新姿势：秋酷🕶️ ', NULL, '', '', NULL, NULL, NULL, NULL, NULL, '\n      100万+\n    ', '\n      100万+\n    ', '685万', NULL, NULL, NULL);
INSERT INTO `host` VALUES (102, '\n              杨紫\n              ', 'https://m.weibo.cn/profile/1227368500', 'https://tvax2.sinaimg.cn/crop.0.0.1080.1080.180/001l3UC8ly8h4j2p07sfpj60u00u0dhj02.jpg?KID=imgbed,tva&Expires=1666274221&ssig=cLvpag%2BkrF', '2001-10-09 19:16:00', '', '图我放这了 缺个文案 ', NULL, '', '', NULL, NULL, NULL, NULL, NULL, '\n      100万+\n    ', '\n      64万\n    ', '248万', NULL, NULL, NULL);
INSERT INTO `host` VALUES (103, '\n              TFBOYS-王源\n              ', 'https://m.weibo.cn/profile/2812335943', 'https://tvax1.sinaimg.cn/crop.0.0.996.996.180/a7a0d747ly8fhx8k128s8j20ro0rogof.jpg?KID=imgbed,tva&Expires=1666274221&ssig=yxxw8YCM50', '2001-10-10 06:20:00', '', '开工 看太阳迅速生长 ', NULL, '', '', NULL, NULL, NULL, NULL, NULL, '\n      100万+\n    ', '\n      100万+\n    ', '128万', NULL, NULL, NULL);
INSERT INTO `host` VALUES (104, '\n              时代少年团-宋亚轩\n              ', 'https://m.weibo.cn/profile/6015189526', 'https://tvax1.sinaimg.cn/crop.0.0.1080.1080.180/006z57zUly8h1kqxsob3ej30u00u0757.jpg?KID=imgbed,tva&Expires=1666274221&ssig=989bYJLwP%2B', '2001-10-12 21:21:00', '', '室内&室外，天冷加衣 ', NULL, '', '', NULL, NULL, NULL, NULL, NULL, '\n      100万+\n    ', '\n      25.3万\n    ', '110万', NULL, NULL, NULL);
INSERT INTO `host` VALUES (105, '\n              赵露思的微博\n              ', 'https://m.weibo.cn/profile/5653796775', 'https://tvax3.sinaimg.cn/crop.0.0.1080.1080.180/006aCKOzly8h2ilo4q4xmj30u00u0gng.jpg?KID=imgbed,tva&Expires=1666274221&ssig=ar9KaMLWWB', '2001-10-08 11:30:00', '', '🤳 #草木之骨[音乐]# ', NULL, '', '', NULL, NULL, NULL, NULL, NULL, '\n      19.3万\n    ', '\n      8.7万\n    ', '108万', NULL, NULL, NULL);
INSERT INTO `host` VALUES (106, '\n              时代少年团-贺峻霖\n              ', 'https://m.weibo.cn/profile/5902696506', 'https://tvax1.sinaimg.cn/crop.0.0.512.512.180/006rt70mly8gnu0dtl7atj30e80e8aaa.jpg?KID=imgbed,tva&Expires=1666274221&ssig=xy2JKop85J', '2001-10-07 22:18:00', '', '突发奇想，在这儿拍个照，撞色搭配了，耶耶耶耶耶耶耶！嘿嘿😎 ', NULL, '', '', NULL, NULL, NULL, NULL, NULL, '\n      100万+\n    ', '\n      30.7万\n    ', '112万', NULL, NULL, NULL);
INSERT INTO `host` VALUES (107, '\n              鞠婧祎\n              ', 'https://m.weibo.cn/profile/3669102477', 'https://tvax2.sinaimg.cn/crop.0.0.1080.1080.180/0040jbadly8h0bsgetunpj60u00u0n2402.jpg?KID=imgbed,tva&Expires=1666274221&ssig=mBtaTNfSGC', '2001-10-10 21:03:00', ' 来自 iPhone客户端', '☀️🌿 鞠婧祎的微博视频 ', NULL, '鞠婧祎的微博视频', 'https://video.weibo.com/show?fid=1034:4823128170496142', NULL, NULL, NULL, NULL, NULL, '\n      62.5万\n    ', '\n      18.7万\n    ', '98.9万', NULL, NULL, NULL);
INSERT INTO `host` VALUES (108, '\n              时代少年团-张真源\n              ', 'https://m.weibo.cn/profile/5908064369', 'https://tvax3.sinaimg.cn/crop.0.0.1080.1080.180/006rPDqNly8gnrhg2zmpkj30u00u0t9k.jpg?KID=imgbed,tva&Expires=1666274221&ssig=HNQQ0FKvXP', '2001-10-12 20:54:00', '', '带着我的胖墩跟大家见面 ', NULL, '', '', NULL, NULL, NULL, NULL, NULL, '\n      100万+\n    ', '\n      15.1万\n    ', '113万', NULL, NULL, NULL);
INSERT INTO `host` VALUES (109, '\n              时代少年团-刘耀文\n              ', 'https://m.weibo.cn/profile/6177367279', 'https://tvax4.sinaimg.cn/crop.0.0.1080.1080.180/006K3Bq7ly8gnrhfhoa3nj30u00u0jue.jpg?KID=imgbed,tva&Expires=1666274221&ssig=29brzPDkLr', '2001-10-08 16:01:00', '', '总感觉好像还没来得及过秋天，冬天就到了😨\n大家记得多穿衣服，注意保暖', NULL, '', '', NULL, NULL, NULL, NULL, NULL, '\n      100万+\n    ', '\n      14.8万\n    ', '115万', NULL, NULL, NULL);
INSERT INTO `host` VALUES (110, '\n              王鹤棣_Dylan\n              ', 'https://m.weibo.cn/profile/2731728324', 'https://tvax1.sinaimg.cn/crop.0.0.512.512.180/a2d2ddc4ly8h6c34qwvq1j20e80e8jrw.jpg?KID=imgbed,tva&Expires=1666274221&ssig=0ZfiUJNUeo', '2001-10-13 19:14:00', ' 来自 微博视频号', '#王鹤棣的V棣O# 运动很重要！💪#明星V放送# 王鹤棣_Dylan的微博视频 ', NULL, '#王鹤棣的V棣O#', 'https://m.weibo.cn/search?containerid=231522type%3D1%26t%3D10%26q%3D%23%E7%8E%8B%E9%B9%A4%E6%A3%A3%E7%9A%84V%E6%A3%A3O%23&extparam=%23%E7%8E%8B%E9%B9%A4%E6%A3%A3%E7%9A%84V%E6%A3%A3O%23&luicode=10000011&lfid=102803', NULL, NULL, NULL, NULL, NULL, '\n      61万\n    ', '\n      35.1万\n    ', '140万', NULL, NULL, NULL);
INSERT INTO `host` VALUES (111, '\n              IXFORM-罗一舟\n              ', 'https://m.weibo.cn/profile/6463527162', 'https://tvax4.sinaimg.cn/crop.0.0.512.512.180/0073qiG6ly8gsy1d22d7qj30e80e8q3c.jpg?KID=imgbed,tva&Expires=1666274221&ssig=zKwvF9yR7x', '2001-10-14 13:20:00', '', '#我的镜头下# 好久不见🤗 ', NULL, '#我的镜头下#', 'https://m.weibo.cn/search?containerid=231522type%3D1%26t%3D10%26q%3D%23%E6%88%91%E7%9A%84%E9%95%9C%E5%A4%B4%E4%B8%8B%23&luicode=10000011&lfid=102803', NULL, NULL, NULL, NULL, NULL, '\n      100万+\n    ', '\n      100万+\n    ', '104万', NULL, NULL, NULL);
INSERT INTO `host` VALUES (112, '\n              吴磊LEO\n              ', 'https://m.weibo.cn/profile/2142058927', 'https://tvax3.sinaimg.cn/crop.0.0.1080.1080.180/002kXRnxly8gvn1lhdj3bj60u00u043602.jpg?KID=imgbed,tva&Expires=1666274221&ssig=0jUJRmf%2Bcn', '2001-10-14 15:09:00', '', '北之重，日渐抱不动🐶 ', NULL, '', '', NULL, NULL, NULL, NULL, NULL, '\n      12.5万\n    ', '\n      5.7万\n    ', '122万', NULL, NULL, NULL);
INSERT INTO `host` VALUES (113, '\n              时代少年团队长-马嘉祺\n              ', 'https://m.weibo.cn/profile/6290114447', 'https://tvax2.sinaimg.cn/crop.0.0.1080.1080.180/006RGG6Ply8gnrhdya04yj30u00u0dib.jpg?KID=imgbed,tva&Expires=1666274221&ssig=CeHMDhzSpV', '2001-10-12 15:55:00', '', '秋天 ', NULL, '', '', NULL, NULL, NULL, NULL, NULL, '\n      94.5万\n    ', '\n      18.5万\n    ', '85.3万', NULL, NULL, NULL);
INSERT INTO `host` VALUES (114, '\n              白敬亭\n              ', 'https://m.weibo.cn/profile/2112496475', 'https://tvax2.sinaimg.cn/crop.0.0.996.996.180/7dea235bly8gdj2nhclzuj20ro0rowgq.jpg?KID=imgbed,tva&Expires=1666274221&ssig=DbZgZECWbC', '2001-10-07 21:48:00', ' 来自 OPPO Reno8 Pro+ 5G', '又∞年，十月，走着 ', NULL, '', '', NULL, NULL, NULL, NULL, NULL, '\n      34.5万\n    ', '\n      14.3万\n    ', '51.3万', NULL, NULL, NULL);
INSERT INTO `host` VALUES (115, '\n              虞书欣Esther\n              ', 'https://m.weibo.cn/profile/5620452341', 'https://tvax2.sinaimg.cn/crop.0.0.1080.1080.180/0068mQp7ly8h670meksjaj60u00u042602.jpg?KID=imgbed,tva&Expires=1666274221&ssig=pKEZuBYeT%2F', '2001-10-14 17:47:00', ' 来自 虞书欣超话', '美宝不会下厨，我是会的 🥘🍜🍳\n\n#虞书欣虞美人的博主日记##两个人的小森林#', NULL, '#虞书欣虞美人的博主日记#', 'https://m.weibo.cn/search?containerid=231522type%3D1%26t%3D10%26q%3D%23%E8%99%9E%E4%B9%A6%E6%AC%A3%E8%99%9E%E7%BE%8E%E4%BA%BA%E7%9A%84%E5%8D%9A%E4%B8%BB%E6%97%A5%E8%AE%B0%23&extparam=%23%E8%99%9E%E4%B9%A6%E6%AC%A3%E8%99%9E%E7%BE%8E%E4%BA%BA%E7%9A%84%E5%8D%9A%E4%B8%BB%E6%97%A5%E8%AE%B0%23&luicode=10000011&lfid=102803', NULL, NULL, NULL, NULL, NULL, '\n      19.9万\n    ', '\n      9.7万\n    ', '42万', NULL, NULL, NULL);
INSERT INTO `host` VALUES (116, '\n              时代少年团\n              ', 'https://m.weibo.cn/profile/6620842908', 'https://tvax3.sinaimg.cn/crop.0.0.1080.1080.180/007e4nGQly8gkzng7wnouj30u00u0q41.jpg?KID=imgbed,tva&Expires=1666274221&ssig=QL2%2BBz6DLU', '2001-10-07 18:00:00', ' 来自 时代少年团超话', '时代少年团\n\n秋意盎然，尽兴享受惬意时光\n率性自在，热烈诠释青春态度\n假期迎来尾声，心怀希冀，继续出发，拥抱前方美好！\n\n@时代少年团队长-马嘉祺\n@时代少年团-丁程鑫\n@时代少年团-宋亚轩\n@时代少年团-刘耀文\n@时代少年团-张真源\n@时代少年团-严浩翔\n@时代少年团-贺峻霖', NULL, '时代少年团', 'https://m.weibo.cn/p/index?extparam=%E6%97%B6%E4%BB%A3%E5%B0%91%E5%B9%B4%E5%9B%A2&containerid=10080892b1f367dec8ee89a39109d0b5fe9c0d&luicode=10000011&lfid=102803', NULL, NULL, NULL, NULL, NULL, '\n      12.7万\n    ', '\n      8.2万\n    ', '57.6万', NULL, NULL, NULL);
INSERT INTO `host` VALUES (117, '\n              小辫儿张云雷\n              ', 'https://m.weibo.cn/profile/2154491277', 'https://tvax4.sinaimg.cn/crop.0.0.1125.1125.180/806aed8dly8fwb9j9aji1j20v90v9aen.jpg?KID=imgbed,tva&Expires=1666274221&ssig=K7FMFKS03W', '2001-10-09 13:47:00', ' 来自 iPhone 12 Pro Max', '做完近视手术 看绿海再也不模糊了 ', NULL, '', '', NULL, NULL, NULL, NULL, NULL, '\n      41.7万\n    ', '\n      15.8万\n    ', '37.1万', NULL, NULL, NULL);
INSERT INTO `host` VALUES (118, '\n              白鹿my\n              ', 'https://m.weibo.cn/profile/2616380702', 'https://tvax4.sinaimg.cn/crop.0.0.512.512.180/002R448Kly8h3w9otsj1vj60e80e8aam02.jpg?KID=imgbed,tva&Expires=1666274221&ssig=HBPPgJpZFe', '2001-10-14 18:45:00', '', '今日碎片✌🏻 ', NULL, '', '', NULL, NULL, NULL, NULL, NULL, '\n      13.2万\n    ', '\n      3.7万\n    ', '31.7万', NULL, NULL, NULL);
INSERT INTO `host` VALUES (119, '\n              王源RoyWang工作室\n              ', 'https://m.weibo.cn/profile/6353282636', 'https://tvax1.sinaimg.cn/crop.0.0.1002.1002.180/006VXJ2Aly8gw7170sfjoj30ru0ru438.jpg?KID=imgbed,tva&Expires=1666274221&ssig=vvlKSoJgpP', '2001-10-08 11:08:00', ' 来自 王源超话', '王源  全新的灵感迸发，唤醒音乐的记忆。思绪交汇，点亮新鲜的火花，@TFBOYS-王源 新专辑筹备中，敬请期待！ ', NULL, '王源', 'https://m.weibo.cn/p/index?extparam=%E7%8E%8B%E6%BA%90&containerid=1008087f354d53218803c1ecfcc09789279623&luicode=10000011&lfid=102803', NULL, NULL, NULL, NULL, NULL, '\n      38.7万\n    ', '\n      3.8万\n    ', '16.8万', NULL, NULL, NULL);
INSERT INTO `host` VALUES (120, '\n              IXFORM-唐九洲\n              ', 'https://m.weibo.cn/profile/2620811727', 'https://tvax2.sinaimg.cn/crop.0.0.512.512.180/9c3669cfly8gsxxpoqet5j20e80e8wev.jpg?KID=imgbed,tva&Expires=1666274221&ssig=6XW1yGESgE', '2001-10-13 15:40:00', '', '而夏天还是那么短 #我的镜头下# ', NULL, '#我的镜头下#', 'https://m.weibo.cn/search?containerid=231522type%3D1%26t%3D10%26q%3D%23%E6%88%91%E7%9A%84%E9%95%9C%E5%A4%B4%E4%B8%8B%23&luicode=10000011&lfid=102803', NULL, NULL, NULL, NULL, NULL, '\n      35.4万\n    ', '\n      30.1万\n    ', '13.9万', NULL, NULL, NULL);
INSERT INTO `host` VALUES (121, '\n              张子枫\n              ', 'https://m.weibo.cn/profile/1353112775', 'https://tvax1.sinaimg.cn/crop.0.0.751.751.180/50a6dcc7ly8g4n2kl3qiwj20kv0kvjux.jpg?KID=imgbed,tva&Expires=1666274221&ssig=O%2BbpN1e%2Bih', '2001-10-13 19:55:00', '', '🍂🫧👧🏻 ', NULL, '', '', NULL, NULL, NULL, NULL, NULL, '\n      18.7万\n    ', '\n      1.8万\n    ', '15.7万', NULL, NULL, NULL);
INSERT INTO `host` VALUES (122, '时光读物', NULL, NULL, NULL, NULL, '正在发表最新的动态', NULL, NULL, NULL, NULL, NULL, NULL, NULL, NULL, NULL, NULL, NULL, NULL, NULL, NULL);
INSERT INTO `host` VALUES (123, '时光读物', NULL, NULL, '2022-11-07 21:58:48', NULL, 'wwwww', NULL, NULL, NULL, NULL, NULL, NULL, NULL, NULL, NULL, NULL, NULL, NULL, NULL, NULL);
INSERT INTO `host` VALUES (124, '时光读物', NULL, NULL, '2022-11-07 22:18:03', NULL, '哈哈哈哈哈', NULL, NULL, NULL, NULL, NULL, NULL, NULL, NULL, NULL, NULL, NULL, NULL, NULL, NULL);
INSERT INTO `host` VALUES (125, '时光读物', NULL, NULL, '2022-11-07 22:27:37', NULL, '后放入和骨头和骨头入骨入', NULL, NULL, NULL, NULL, NULL, NULL, NULL, NULL, NULL, NULL, NULL, NULL, NULL, NULL);
INSERT INTO `host` VALUES (126, '时光读物', NULL, 'https://tva3.sinaimg.cn/crop.0.0.458.458.180/a8b8b9cajw8exsgha3l4uj20cq0crmy5.jpg?KID=imgbed,tva&Expires=1667193327&ssig=Bz23iWMjJ3', '2022-11-07 22:28:43', NULL, '户u讨厌讨厌他', NULL, NULL, NULL, NULL, NULL, NULL, NULL, NULL, NULL, NULL, NULL, NULL, NULL, NULL);
INSERT INTO `host` VALUES (127, '时光读物', NULL, 'https://tva3.sinaimg.cn/crop.0.0.458.458.180/a8b8b9cajw8exsgha3l4uj20cq0crmy5.jpg?KID=imgbed,tva&Expires=1667193327&ssig=Bz23iWMjJ3', '2022-11-07 22:30:54', NULL, '风格和一句一句', NULL, NULL, NULL, NULL, NULL, NULL, NULL, NULL, NULL, NULL, NULL, NULL, NULL, NULL);
INSERT INTO `host` VALUES (128, NULL, NULL, NULL, '2022-11-07 22:51:19', NULL, '222', NULL, NULL, NULL, NULL, NULL, NULL, NULL, NULL, NULL, NULL, NULL, NULL, NULL, NULL);
INSERT INTO `host` VALUES (129, '时光读物', NULL, 'https://tva3.sinaimg.cn/crop.0.0.458.458.180/a8b8b9cajw8exsgha3l4uj20cq0crmy5.jpg?KID=imgbed,tva&Expires=1667193327&ssig=Bz23iWMjJ3', '2022-11-07 22:58:45', NULL, 'wwww', NULL, NULL, NULL, NULL, NULL, NULL, NULL, NULL, NULL, NULL, NULL, NULL, NULL, NULL);
INSERT INTO `host` VALUES (130, '七七', NULL, 'https://tupian.qqw21.com/article/UploadPic/2018-7/20187192294216790.jpg', '2022-11-08 22:47:28', NULL, '好友\n', NULL, NULL, NULL, NULL, NULL, NULL, NULL, NULL, NULL, NULL, NULL, NULL, NULL, NULL);
INSERT INTO `host` VALUES (131, '时光读物', NULL, NULL, NULL, NULL, '正在发表最新的动态', NULL, NULL, NULL, NULL, NULL, NULL, NULL, NULL, NULL, NULL, NULL, NULL, NULL, NULL);
INSERT INTO `host` VALUES (132, '时光读物11', NULL, 'https://tva3.sinaimg.cn/crop.0.0.458.458.180/a8b8b9cajw8exsgha3l4uj20cq0crmy5.jpg?KID=imgbed,tva&Expires=1667193327&ssig=Bz23iWMjJ3', '2022-11-24 16:10:48', NULL, '111', NULL, NULL, NULL, NULL, NULL, NULL, NULL, NULL, NULL, NULL, NULL, NULL, NULL, NULL);
INSERT INTO `host` VALUES (133, '时光读物11', NULL, 'https://tva3.sinaimg.cn/crop.0.0.458.458.180/a8b8b9cajw8exsgha3l4uj20cq0crmy5.jpg?KID=imgbed,tva&Expires=1667193327&ssig=Bz23iWMjJ3', '2022-11-24 16:23:46', NULL, 'ww', NULL, NULL, NULL, NULL, NULL, NULL, NULL, NULL, NULL, NULL, NULL, NULL, NULL, NULL);
INSERT INTO `host` VALUES (134, '七七', NULL, 'https://tupian.qqw21.com/article/UploadPic/2018-7/20187192294216790.jpg', '2022-11-29 00:55:12', NULL, 'wwwwwww', NULL, NULL, NULL, NULL, NULL, NULL, NULL, NULL, NULL, NULL, NULL, NULL, NULL, NULL);
INSERT INTO `host` VALUES (135, '时光读物12', NULL, 'https://tva3.sinaimg.cn/crop.0.0.458.458.180/a8b8b9cajw8exsgha3l4uj20cq0crmy5.jpg?KID=imgbed,tva&Expires=1667193327&ssig=Bz23iWMjJ3', '2022-11-29 14:36:35', NULL, '还有换一换', NULL, NULL, NULL, NULL, NULL, NULL, NULL, NULL, NULL, NULL, NULL, NULL, NULL, NULL);
INSERT INTO `host` VALUES (136, '时光读物12', NULL, 'https://tva3.sinaimg.cn/crop.0.0.458.458.180/a8b8b9cajw8exsgha3l4uj20cq0crmy5.jpg?KID=imgbed,tva&Expires=1667193327&ssig=Bz23iWMjJ3', '2022-11-29 14:42:08', NULL, '今天要开心', NULL, NULL, NULL, NULL, NULL, NULL, NULL, NULL, NULL, NULL, NULL, NULL, NULL, NULL);
INSERT INTO `host` VALUES (137, '时光读物12', NULL, 'https://tva3.sinaimg.cn/crop.0.0.458.458.180/a8b8b9cajw8exsgha3l4uj20cq0crmy5.jpg?KID=imgbed,tva&Expires=1667193327&ssig=Bz23iWMjJ3', '2022-11-29 18:43:07', NULL, '11111', NULL, NULL, NULL, NULL, NULL, NULL, NULL, NULL, NULL, NULL, NULL, NULL, NULL, NULL);
INSERT INTO `host` VALUES (138, '时光读物12', NULL, 'https://tva3.sinaimg.cn/crop.0.0.458.458.180/a8b8b9cajw8exsgha3l4uj20cq0crmy5.jpg?KID=imgbed,tva&Expires=1667193327&ssig=Bz23iWMjJ3', '2022-11-29 18:43:29', NULL, '111', NULL, NULL, NULL, NULL, NULL, NULL, NULL, NULL, NULL, NULL, NULL, NULL, NULL, NULL);
INSERT INTO `host` VALUES (139, '时光读物12', NULL, 'https://tva3.sinaimg.cn/crop.0.0.458.458.180/a8b8b9cajw8exsgha3l4uj20cq0crmy5.jpg?KID=imgbed,tva&Expires=1667193327&ssig=Bz23iWMjJ3', '2022-11-30 00:51:46', NULL, 'wwww', NULL, NULL, NULL, NULL, NULL, NULL, NULL, NULL, NULL, NULL, NULL, NULL, NULL, NULL);
INSERT INTO `host` VALUES (140, '时光读物12', NULL, 'https://tva3.sinaimg.cn/crop.0.0.458.458.180/a8b8b9cajw8exsgha3l4uj20cq0crmy5.jpg?KID=imgbed,tva&Expires=1667193327&ssig=Bz23iWMjJ3', '2022-11-30 00:51:47', NULL, 'wwww', NULL, NULL, NULL, NULL, NULL, NULL, NULL, NULL, NULL, NULL, NULL, NULL, NULL, NULL);

-- ----------------------------
-- Table structure for topic
-- ----------------------------
DROP TABLE IF EXISTS `topic`;
CREATE TABLE `topic`  (
  `topic_id` int(11) NOT NULL AUTO_INCREMENT,
  `topic_title` varchar(255) CHARACTER SET utf8 COLLATE utf8_bin NOT NULL,
  `topic_alink` varchar(255) CHARACTER SET utf8 COLLATE utf8_bin NOT NULL,
  `topic_head` varchar(255) CHARACTER SET utf8 COLLATE utf8_bin NOT NULL,
  `topic_time` datetime NULL DEFAULT NULL,
  `time` datetime NULL DEFAULT NULL,
  `topic_address` varchar(255) CHARACTER SET utf8 COLLATE utf8_bin NOT NULL,
  `topic_information` varchar(300) CHARACTER SET utf8 COLLATE utf8_bin NOT NULL,
  `topic_detail` varchar(255) CHARACTER SET utf8mb4 COLLATE utf8mb4_general_ci NOT NULL,
  `topic_tu` varchar(255) CHARACTER SET utf8 COLLATE utf8_bin NULL DEFAULT NULL,
  `topic_tu1` varchar(255) CHARACTER SET utf8 COLLATE utf8_bin NULL DEFAULT NULL,
  `topic_woopopctrl` varchar(255) CHARACTER SET utf8 COLLATE utf8_bin NOT NULL,
  `topic_like` varchar(255) CHARACTER SET utf8 COLLATE utf8_bin NOT NULL,
  `topic_card` varchar(255) CHARACTER SET utf8 COLLATE utf8_bin NOT NULL,
  `topic_information1` varchar(255) CHARACTER SET utf8 COLLATE utf8_bin NOT NULL,
  PRIMARY KEY (`topic_id`) USING BTREE
) ENGINE = InnoDB AUTO_INCREMENT = 40 CHARACTER SET = utf8 COLLATE = utf8_bin ROW_FORMAT = Dynamic;

-- ----------------------------
-- Records of topic
-- ----------------------------
INSERT INTO `topic` VALUES (1, '国色天香赵盼儿', 'https://weibo.com/u/5336756846', 'https://tvax3.sinaimg.cn/crop.0.0.600.600.180/005Paufkly8h3qjx6aldwj60go0goq5j02.jpg?KID=imgbed,tva&Expires=1666261305&ssig=gQUiZ2SUf2', NULL, NULL, '', '微博知名娱乐资讯博主', '#易烊千玺的赛车体验#\n啊啊啊啊啊啊救命🆘！！！！怎么有人可以帅成这样！！赛道上的玺子哥真的鲨疯了 ​', NULL, NULL, ' 262 ', '284', '', '');
INSERT INTO `topic` VALUES (2, '会火', 'https://weibo.com/u/3725773862', 'https://tvax2.sinaimg.cn/crop.0.0.1080.1080.180/00448XYOly8h0pd626ybpj60u00u03zf02.jpg?KID=imgbed,tva&Expires=1666261305&ssig=mAY3w5CXND', NULL, NULL, '', '微博2021十大影响力娱乐大V 资深娱评人 知名娱乐博主 娱乐综艺视频自媒体', '#三悦全员告别##三悦有了新工作# 要大结局了！太舍不得挖藕cp了！医生X入殓师，生的守门员，死的摆渡人这样的命运感实在太好磕了，只能说还没看够，期待有第二部！ ​', NULL, NULL, ' 41 ', '187', '', '');
INSERT INTO `topic` VALUES (3, '影视圈萌主', 'https://weibo.com/u/1844421834', 'https://tvax1.sinaimg.cn/crop.0.0.800.800.180/6defa4caly8fmcm06u46vj20m80m8wh0.jpg?KID=imgbed,tva&Expires=1666261303&ssig=XcNM0PGI2F', NULL, NULL, '', '知名电视剧博主 电影博主', '#晴儿反恋爱脑鼻祖# \n“你们也太小看我了，君子有成人之美”我们晴儿可是被“甄嬛”带大的，这一版最好的改动就是逃亡带走了晴儿 影视圈萌主的微博视频 ​', NULL, NULL, ' 238 ', '286', ' 0:21 ', ' 1.1万次观看 ');
INSERT INTO `topic` VALUES (4, 'Bunny娱乐', 'https://weibo.com/u/5234383637', 'https://tvax4.sinaimg.cn/crop.0.0.1023.1023.180/005IeWixly8h6476m7vnyj30sf0sfdgd.jpg?KID=imgbed,tva&Expires=1666261303&ssig=o904lk0COV', NULL, NULL, '', '448万人关注了她', '舞台迎来神仙阵容，王琳凯汪苏泷到来，学员纷纷尖叫蔡徐坤说加薪水｜青春有你2 Bunny娱乐的微博视频 ​', NULL, NULL, ' 40 ', '43', ' 2:01 ', ' 749次观看 ');
INSERT INTO `topic` VALUES (5, '海南共青团', 'https://weibo.com/u/1929676450', 'https://tvax3.sinaimg.cn/crop.0.0.1080.1080.180/730486a2ly8gxcf62j5wyj20u00u0dhz.jpg?KID=imgbed,tva&Expires=1666261303&ssig=6LuglnrM5E', NULL, NULL, 'https://video.weibo.com/show?fid=1034:4826587078787094', '共青团海南省委官方微博', '【紧抓教育！#以国民教育加强香港师生国民身份认同# 】如何在香港的学校课堂内外推行国民教育、加强学生的国民身份认同和民族自豪感、巩固维护国家安全的意识？李家超提出了这几项具体措施↓↓ 共青团中央的微博视频 ​​​', NULL, NULL, ' 转发 ', '7', ' 3:51 ', ' 9万次观看 ');
INSERT INTO `topic` VALUES (6, '紫凝芯', 'https://weibo.com/u/1845260741', 'https://tvax2.sinaimg.cn/crop.0.0.996.996.180/6dfc71c5ly8h6wyzqypr3j20ro0romz4.jpg?KID=imgbed,tva&Expires=1666261303&ssig=PNCXl8hf7M', NULL, NULL, 'https://video.weibo.com/show?fid=1034:4704542982602787', '娱乐博主 超话粉丝大咖（杨紫超话） 微博剪辑视频博主', '#杨紫即将进组客串一部电影# 这就是顶流的热度吧   半个小时不到#杨紫骆佳#  全民期待进组的女演员了吧  期待@杨紫 猎毒和长相思喔#制片人评价迪丽热巴杨紫扛剧# 杨紫全方位无短板全类型扛剧电影猎毒的微博视频 ​', NULL, NULL, ' 114 ', '3112', ' 1:40 ', ' 79.9万次观看 ');
INSERT INTO `topic` VALUES (7, '科技家居酱', 'https://weibo.com/u/3787558793', 'https://tvax4.sinaimg.cn/crop.67.0.234.234.180/e1c18f89ly8ghj5v80q12j20b606vaa4.jpg?KID=imgbed,tva&Expires=1666261303&ssig=p9wjUOqpkq', NULL, NULL, '', '巨光装饰工程有限公司 高科技家居项目部 智能家居技术顾问', '史上最详细的房子装修流程 ​', NULL, NULL, ' 6063 ', '3006', '', '');
INSERT INTO `topic` VALUES (8, '首都一橘', 'https://weibo.com/u/3314422837', 'https://tvax1.sinaimg.cn/crop.0.0.751.751.180/c58e1435ly8gdqag2miy4j20kv0kv0tu.jpg?KID=imgbed,tva&Expires=1666261303&ssig=O7khmG7QCh', NULL, NULL, '', '橘子娱乐 娱乐记者', '好家伙，考古才发现，原来全剧除了小燕子，其他人都是人间清醒\n\n#晴儿反恋爱脑鼻祖# ​', NULL, NULL, ' 102 ', '135', '', '');
INSERT INTO `topic` VALUES (9, 'captain龙', 'https://weibo.com/u/2751313073', 'https://tva3.sinaimg.cn/crop.0.0.749.749.180/a3fdb4b1jw8eo6udprxjej20ku0ktq4c.jpg?KID=imgbed,tva&Expires=1666261303&ssig=hTe9YrkPn%2F', NULL, NULL, '', '乒乓球奥运冠军马龙', '转眼又是一年今年是跟球队一起在赛场度过🏓🏓🏓这也是值得骄傲留念的一份经历感谢大家的祝福Keep fight ​', NULL, NULL, ' 1.7万 ', '8.7万', '', '');
INSERT INTO `topic` VALUES (10, '甜橙看视频', 'https://weibo.com/u/7628742480', 'https://tvax1.sinaimg.cn/crop.0.0.600.600.180/008khqpyly8h4lvsm9yf5j30go0go756.jpg?KID=imgbed,tva&Expires=1666261305&ssig=ARwb5190Hy', NULL, '2001-10-17 12:28:00', '', '微博原创视频博主', '未来婆婆用一根簪子测出儿媳不是贞洁之身，得知真相让人泪流满面 #影视剪辑##微博放映厅##剧集二创榜##好剧推荐# 甜橙看视频的微博视频 ​', NULL, NULL, ' 25 ', '2124', ' 2:09 ', ' 27.9万次观看 ');
INSERT INTO `topic` VALUES (11, '人民政协报', 'https://weibo.com/u/1117069645', 'https://tvax3.sinaimg.cn/crop.0.0.640.640.180/4295214dly8gdimqtgq6mj20hs0hsq3a.jpg?KID=imgbed,tva&Expires=1666261316&ssig=vVwA%2FkuOl%2B', NULL, NULL, '', '人民政协报官方微博', '【联大三委辩论上，#中方反击称有谁见过这样的反人类罪#？】#部分国家应搞清自己真正该做什么# 当地时间10月19日，中国常驻联合国代表团临时代办戴兵在第77届联大三委人权议题一般性辩论上发言，强调中国尊重、保障人权，并对部分国家炒作所谓中国人权议题进行反击。#外交部称绝不接受教师爷的颐指气使 ​ ...展开', NULL, NULL, ' 11 ', '77', ' 0:06 ', ' 6.6万次观看 ');
INSERT INTO `topic` VALUES (12, '请叫我无锡君', 'https://weibo.com/u/1409795257', 'https://tvax3.sinaimg.cn/crop.0.106.1080.1080.180/5407c4b9ly8g39akpdwhpj20u016gju6.jpg?KID=imgbed,tva&Expires=1666261316&ssig=uYLBXGIoZW', NULL, NULL, '', '463.1万人关注了她', '无锡美食 国风重庆老火锅。 ​', NULL, NULL, ' 6003 ', '2990', '', '');
INSERT INTO `topic` VALUES (13, '楼兰情感', 'https://weibo.com/u/3485013713', 'https://tvax2.sinaimg.cn/crop.0.0.959.959.180/cfb916d1ly8h7a8xy0uocj20qn0qn0ve.jpg?KID=imgbed,tva&Expires=1666261665&ssig=Q9yojGmFd0', NULL, '2001-10-16 01:20:00', '', '知名情感博主 微博故事原创作者 微博原创视频博主 超话主持人（楼兰情感超话） 情感两性答主 头条文章作者', '熊孩子去亲戚家做客发现惊天秘密   熊孩子#情感生活指南##剧集二创榜# 楼兰情感的微博视频 ​', NULL, NULL, ' 13 ', '739', ' 1:57 ', ' 19.5万次观看 ');
INSERT INTO `topic` VALUES (14, '梦里挑灯看剧', 'https://weibo.com/u/5084904517', 'https://tvax2.sinaimg.cn/crop.2.8.385.385.180/005y7JWZly8gha5leelpwj30ay0aywhw.jpg?KID=imgbed,tva&Expires=1666261684&ssig=QHIes%2FEUdF', NULL, NULL, '', '电视剧博主', '#杨紫即将进组客串一部电影# \n杨紫即将进组客串电影，坐等同步官宣消息ing大家可以先期待一下杨紫、王千源合作的《猎毒》，希望能与认真搞事业的“骆佳”早日相见 梦里挑灯看剧的微博视频 ​', NULL, NULL, ' 102 ', '241', ' 0:24 ', ' 3104次观看 ');
INSERT INTO `topic` VALUES (15, '央视军事', 'https://weibo.com/u/6189120710', 'https://tvax4.sinaimg.cn/crop.0.0.915.915.180/006KQV1Aly8gsannlagc3j30pf0pfgtv.jpg?KID=imgbed,tva&Expires=1666261695&ssig=SZCybkvIRi', NULL, '2001-10-14 19:14:00', '', '中央电视台国防军事频道官方微博', '【#军营双胞胎一个顺风耳一个千里眼#】“长大了，我们一起去当兵吧！”双胞胎兄弟邓照兴和邓照龙，大学时共赴两人儿时的约定。哥哥邓照兴成为海军资阳舰上的声呐兵，有了“顺风耳”；弟弟邓照龙成为了海军山东舰上的雷达兵，有了“千里眼”。两兄弟互相鼓励，共同进步，如今，他们又都晋升了军士。（记 ​ ...展开', NULL, NULL, ' 49 ', '3060', ' 0:49 ', ' 363万次观看 ');
INSERT INTO `topic` VALUES (16, '痞叔bot', 'https://weibo.com/u/3201769621', 'https://tvax3.sinaimg.cn/crop.0.0.751.751.180/003uGixvly8gu2sbb84ztj60kv0kv3zg02.jpg?KID=imgbed,tva&Expires=1666261695&ssig=%2Fnw8cQhodb', NULL, '2001-10-07 19:07:00', '', '162.5万人关注了他', '给真相一些时间  痞叔bot的微博视频 ​', NULL, NULL, ' 38 ', '822', ' 0:37 ', ' 5.1万次观看 ');
INSERT INTO `topic` VALUES (17, 'FiNE·壁纸', 'https://weibo.com/u/5635099280', 'https://tvax3.sinaimg.cn/crop.0.0.1080.1080.180/0069miK4ly8h2ytwa6utsj30u00u0ta7.jpg?KID=imgbed,tva&Expires=1666261695&ssig=WEXnqLnaPO', NULL, NULL, '', '设计美学博主 超话主持人（iphone锁屏壁纸超话）', '新壁纸\nappleiphone锁屏壁纸超话 ​', NULL, NULL, ' 123 ', '778', '', '');
INSERT INTO `topic` VALUES (18, 'xxxx式事务所', 'https://weibo.com/u/3286821235', 'https://tvax2.sinaimg.cn/crop.0.0.512.512.180/c3e8e973ly8h1g5bocpalj20e80e8q3m.jpg?KID=imgbed,tva&Expires=1666261695&ssig=8B8vWCS0Jo', NULL, '2001-10-10 21:08:00', '', '娱乐博主', '倪妮，白宇《西出玉门》已杀青 ，拍了好久一部剧 ​', NULL, NULL, ' 8 ', '1719', '', '');
INSERT INTO `topic` VALUES (19, '湖南省交警总队', 'https://weibo.com/u/1910577521', 'https://tvax2.sinaimg.cn/crop.103.49.488.488.180/71e11971ly8glyucltjqmj20j80j80y2.jpg?KID=imgbed,tva&Expires=1666261690&ssig=xvExs8MFps', NULL, NULL, '', '湖南省交警总队官方微博', '晚安明天见 ​', NULL, NULL, ' 2 ', '14', '', '');
INSERT INTO `topic` VALUES (20, '大大大餅干丶', 'https://weibo.com/u/5608873424', 'https://tvax4.sinaimg.cn/crop.0.0.1024.1024.180/0067Agcoly8h6z4p3j4o6j30sg0sgdgd.jpg?KID=imgbed,tva&Expires=1666261690&ssig=%2BNUY0P%2B8gh', NULL, NULL, 'https://video.weibo.com/show?fid=1034:4826624005439534', '军事博主 军事博主 微博原创视频博主', '国产飞机，你最喜欢哪个系列？我最喜欢“龙系”🐉。4年前的今天，水陆两栖飞机“鲲龙”AG600在湖北荆门漳河机场取得了水上首飞成功。为我国的应急抢险救灾事业添砖加瓦。✈️ 大大大餅干丶的微博视频 ​', NULL, NULL, ' 15 ', '65', ' 1:00 ', ' 1207次观看 ');
INSERT INTO `topic` VALUES (21, '浦东发布', 'https://weibo.com/u/2557375422', 'https://tvax2.sinaimg.cn/crop.0.0.1080.1080.180/986e73bely8gdi6ne2s9uj20u00udaf7.jpg?KID=imgbed,tva&Expires=1666261690&ssig=qi6%2BwDvLuY', NULL, '2001-10-18 16:41:00', '', '上海市浦东新区人民政府新闻办公室官方微博', '【快来打卡！二十大报告中的新表述新概括新论断】据人民日报，中国式现代化的中国特色是什么？本质要求有哪些？从现在起，中国共产党的中心任务是什么？什么是全面建设社会主义现代化国家的应有之义？更多二十大报告中的新表述、新概括、新论断↓↓一起了解！ ​', NULL, NULL, ' 2 ', '赞', '', '');
INSERT INTO `topic` VALUES (22, '阿司匹猫', 'https://weibo.com/u/2338511704', 'https://tvax2.sinaimg.cn/crop.0.0.751.751.180/8b62db58ly8gp4onxvo6bj20kv0kv0t7.jpg?KID=imgbed,tva&Expires=1666261690&ssig=MLNi4HSA9E', NULL, '2001-10-18 17:00:00', '', '设计美学博主', '实用表情包 ​', NULL, NULL, ' 40 ', '1246', '', '');
INSERT INTO `topic` VALUES (23, '郎朗', 'https://weibo.com/u/1218698200', 'https://tvax1.sinaimg.cn/crop.0.0.512.512.180/001ktx4Aly8h41mdsqspsj60e80e874u02.jpg?KID=imgbed,tva&Expires=1666261690&ssig=SMQXALNO8R', NULL, NULL, '', '联合国和平大使，国际钢琴家', '#郎朗音乐游乐场# 和我爸在柏林歌剧院  ​', NULL, NULL, ' 1253 ', '5614', '', '');
INSERT INTO `topic` VALUES (24, '林林崽那些事', 'https://weibo.com/u/6094546085', 'https://tvax4.sinaimg.cn/crop.0.0.512.512.180/006Es5Qply8gnhd5bdcz6j30e80e8t96.jpg?KID=imgbed,tva&Expires=1666261690&ssig=%2FdSLHVyx56', NULL, NULL, '', '17万人关注了他', '#名侦探学院##周峻纬##石凯#\n\n这就是好兄弟吗？父子梗在院人之间体现得淋漓尽致是好兄弟就要做对方的爸爸 林林崽那些事的微博视频 ​', NULL, NULL, ' 转发 ', '145', ' 0:28 ', ' 7648次观看 ');
INSERT INTO `topic` VALUES (25, '三叶棠呀', 'https://weibo.com/u/6673463442', 'https://tvax2.sinaimg.cn/crop.0.0.512.512.180/007hDaH8ly8h3up6h53mhj30e80e8wfc.jpg?KID=imgbed,tva&Expires=1666261695&ssig=BI4f5Q%2Fk9C', NULL, NULL, '', '娱乐博主', '#网友总结当红女星的代表角色# \n是灵动娇蛮的白秀珠，\n是心怀苍生的赵灵儿，\n是仙人之姿的小龙女，\n是顾盼神飞的王语嫣，\n是清醒果决的赵盼儿，\n是忠义双全的花木兰，\n是破碎坚韧的虞姬……\n\n刘亦菲经典角色太多，燕雀尊卑, 何争之有？\n\n#刘亦菲# ​', NULL, NULL, ' 73 ', '2339', '', '');
INSERT INTO `topic` VALUES (26, '荧光大叔', 'https://weibo.com/u/1790953663', 'https://tvax2.sinaimg.cn/crop.0.0.512.512.180/6abfc8bfly8gx7fv6ds7dj20e80e874r.jpg?KID=imgbed,tva&Expires=1666261695&ssig=UKxijfEcvW', NULL, '2001-10-17 16:15:00', '', '情感博主', '正确的怀孕方式，千万别乱来 ​', NULL, NULL, ' 63 ', '335', '', '');
INSERT INTO `topic` VALUES (27, '南宁发布', 'https://weibo.com/u/3928761901', 'https://tvax4.sinaimg.cn/crop.0.0.1080.1080.180/ea2c262dly8gdile4qhwkj20u00u0go1.jpg?KID=imgbed,tva&Expires=1666261996&ssig=snb%2B8Y%2FPny', NULL, NULL, '', '南宁市委宣传部官方微博', '【#数读二十大#｜9个重要表述，带你理解高质量发展】#党的二十大#（人民网） ​', NULL, NULL, ' 3 ', '1', '', '');
INSERT INTO `topic` VALUES (28, '篮球教学论坛', 'https://weibo.com/u/2357832895', 'https://tvax3.sinaimg.cn/crop.153.0.383.383.180/8c89acbfly8gdi6f5yln9j20j60asmxl.jpg?KID=imgbed,tva&Expires=1666262142&ssig=kk0wTrBDT3', NULL, NULL, '', '篮球教学论坛www.zjlanqiu.com官方微博', '哈登出战37分钟，14投9中，三分球9中5，12罚全中，得到了并列全场最高的35分外加8板7助，另有3失误。火箭登哥回来了？NBA的微博视频 #76人vs凯尔特人# #哈登单节16分# #NBA新赛季揭幕战# ​', NULL, NULL, ' 1 ', '9', ' 0:18 ', ' 90.7万次观看 ');
INSERT INTO `topic` VALUES (29, '下一句你来', 'https://weibo.com/u/6395287021', 'https://tvax3.sinaimg.cn/crop.0.0.996.996.180/006YNYiFly8fqdibakvpwj30ro0rowg0.jpg?KID=imgbed,tva&Expires=1666262155&ssig=hk%2F8HzrG%2F4', NULL, '2001-10-17 02:00:00', '', '42.3万人关注了他', '张国荣这真的很暖哦！ ​', NULL, NULL, ' 12 ', '731', '', '');
INSERT INTO `topic` VALUES (30, '桃黑黑Tor', 'https://weibo.com/u/5657426591', 'https://tvax2.sinaimg.cn/crop.0.0.1080.1080.180/006aRZ5Zly8gykk2euqbmj30u00u0q5m.jpg?KID=imgbed,tva&Expires=1666262155&ssig=nywOIwgRlh', NULL, '2001-10-15 20:08:00', '', '颜值博主', '这次能看见嘛？\n和家人们通报一把子\n在和老朋友谈新恋爱桃黑黑超话  ​', NULL, NULL, ' 5598 ', '14.5万', '', '');
INSERT INTO `topic` VALUES (31, '南都周刊', 'https://weibo.com/u/1641532820', 'https://tvax2.sinaimg.cn/crop.0.0.640.640.180/001N5HFOly1gxd1md1cltj60hs0hsmxz02.jpg?KID=imgbed,tva&Expires=1666262142&ssig=wl7dhRgqN%2F', NULL, NULL, '', '南都周刊官方微博', '【我国建成全球规模最大的光纤和移动宽带网络】过去十年，我国建成了世界最大的高速铁路网、高速公路网，世界级港口群、机场群，综合交通运输网总里程已超过600万公里。我国已累计开通5G基站196.8万个，建成全球规模最大的光纤和移动宽带网络，#北斗导航系统实现信号全球覆盖#，工业互联网应用已覆盖45 ​ ...展开', NULL, NULL, ' 1 ', '1', ' 4:41 ', ' 93.6万次观看 ');
INSERT INTO `topic` VALUES (32, '我的前任是个极品', 'https://weibo.com/u/2430259303', 'https://tvax4.sinaimg.cn/crop.0.0.1080.1080.180/90dad067ly8gdij9e9815j20u00u0dhw.jpg?KID=imgbed,tva&Expires=1666262155&ssig=lvQphS5VPK', NULL, '2001-10-06 18:10:00', '', '微博知名搞笑博主', '来看看纽约3300万美元的顶级豪宅，来涨涨见识。。。 我的前任是个极品的微博视频 ​', NULL, NULL, ' 1609 ', '4772', ' 2:30 ', ' 51.3万次观看 ');
INSERT INTO `topic` VALUES (33, '平安渝中', 'https://weibo.com/u/2553166167', 'https://tvax3.sinaimg.cn/crop.0.0.512.512.180/982e3957ly8gdim04r1pej20e80e8mxq.jpg?KID=imgbed,tva&Expires=1666262149&ssig=rMrXndFdur', NULL, NULL, 'https://video.weibo.com/show?fid=1034:4826547144818749', '重庆市公安局渝中区分局官方微博', '【#看AI画出未来中国有多美#】未来中国什么样？AI根据党的二十大报告中部分词语为你描绘出来。一幅幅美好场景，需要你我一道拼出来、干出来、奋斗出来！#你好二十大# 人民日报的微博视频 ​', NULL, NULL, ' 转发 ', '3', ' 1:50 ', ' 545万次观看 ');
INSERT INTO `topic` VALUES (34, '碎梦星禾', 'https://weibo.com/u/5253523693', 'https://tvax2.sinaimg.cn/crop.0.0.1080.1080.180/007VpzKSly8h77bmkgvrzj30u00u0q3t.jpg?KID=imgbed,tva&Expires=1666262149&ssig=BzxFZ6fu9i', NULL, '2001-10-16 22:10:00', '', '2310人关注了她', '成毅超话 cy#成毅# \n成毅 | 竖屏壁纸\n考古系列（十八） 钢琴王子   图集2\n图集1：微博正文\n图集3：微博正文\n@成毅 \n(图18p) ​​​', NULL, NULL, ' 128 ', '513', '', '');
INSERT INTO `topic` VALUES (35, '盛以婕', 'https://weibo.com/u/5928108590', 'https://tvax3.sinaimg.cn/crop.0.0.512.512.180/006tbJQGly8gv9e8jsmypj30e80e8glt.jpg?KID=imgbed,tva&Expires=1666262149&ssig=JCGypH%2F4eM', NULL, NULL, '', '演员，代表作《三十不惑之隔离不断的爱》《再战江湖》', '生活碎片 ​', NULL, NULL, ' 286 ', '3624', '', '');
INSERT INTO `topic` VALUES (36, '爱看头条', 'https://weibo.com/u/1892327960', 'https://tvax4.sinaimg.cn/crop.0.0.512.512.180/70caa218ly8h79p3kydm0j20e80e8q32.jpg?KID=imgbed,tva&Expires=1666262149&ssig=7W%2FbQA9qCv', NULL, '2001-10-18 19:06:00', '', '红星新闻网爱看头条栏目官方微博', '【党的二十大主席团举行第二次会议 习近平主持会议】中国共产党第二十次全国代表大会主席团18日下午在人民大会堂举行第二次会议。习近平同志主持会议。#党的二十大主席团第二次会议# 党的二十大主席团举行第二次会议 习近平主持会议 （人民日报） ​', NULL, NULL, ' 转发 ', '2', '', '');
INSERT INTO `topic` VALUES (37, '张艺兴资讯台', 'https://weibo.com/u/5330052953', 'https://tvax4.sinaimg.cn/crop.0.0.1006.1006.180/005OImg1ly8g7q4uwrkuuj30ry0rzgoa.jpg?KID=imgbed,tva&Expires=1666262149&ssig=XG7W%2BJcdHV', NULL, NULL, 'https://video.weibo.com/show?fid=1034:4826446292779044', '张艺兴粉丝团', '〈2022大航海Ⅱ演唱会精彩合集〉\n221019 | 未至之境·全球演唱会盛大起航 | 新加坡站\n\n《牧童》\n随着轻快的牧童，演唱会又要结束了，好舍不得宝贝呀，我们下一站继续\n\n饭拍来源：蛋糕\n\n@张艺兴\n#张艺兴大航海2海外演唱会# | #今日fun创放送#     张艺兴资讯台的微博视频 ​', NULL, NULL, ' 76 ', '322', ' 4:04 ', ' 6090次观看 ');
INSERT INTO `topic` VALUES (38, '知名美女帅哥排行榜', 'https://weibo.com/u/6364526661', 'https://tvax1.sinaimg.cn/crop.0.0.1080.1080.180/006WIU7Ply8gkzgd2drhtj30u00u0q4c.jpg?KID=imgbed,tva&Expires=1666262155&ssig=jX6mSQN%2FlR', NULL, '2001-10-17 15:35:00', '', '颜值博主', '谁大谁恶谁正确  知名美女帅哥排行榜的微博视频 ​', NULL, NULL, ' 15 ', '488', ' 2:48 ', ' 112万次观看 ');
INSERT INTO `topic` VALUES (39, 'Lost-inmovie', 'https://weibo.com/u/5879392303', 'https://tvax3.sinaimg.cn/crop.0.0.1080.1080.180/006pTkw7ly8gyvx708sdkj30u00u0gnt.jpg?KID=imgbed,tva&Expires=1666262155&ssig=UdtDLoPgX1', NULL, NULL, '', '娱乐博主 视频博主', '#为什么说情绪价值重要#\n\n希望大家能像《老友记》和《生活大爆炸》一样，遇到一些让你开心的朋友。\n\n一个人的情绪越稳定，越能给别人带来快乐，他的情绪价值就越高；一个人的情绪起伏越大，经常让他人难堪、不舒服，他的情绪价值就越低，所以提高自己的情绪价值也同样重要。\n\n#亿点曝光计划##ip风向标# ​', NULL, NULL, ' 262 ', '1290', '', '');

-- ----------------------------
-- Table structure for users
-- ----------------------------
DROP TABLE IF EXISTS `users`;
CREATE TABLE `users`  (
  `users_id` int(11) NOT NULL AUTO_INCREMENT,
  `users_account` varchar(255) CHARACTER SET utf8 COLLATE utf8_general_ci NULL DEFAULT NULL,
  `users_password` varchar(255) CHARACTER SET utf8 COLLATE utf8_general_ci NULL DEFAULT NULL,
  `users_avg` varchar(255) CHARACTER SET utf8 COLLATE utf8_general_ci NULL DEFAULT NULL,
  `users_nickname` varchar(255) CHARACTER SET utf8 COLLATE utf8_general_ci NULL DEFAULT NULL,
  `users_des` varchar(255) CHARACTER SET utf8 COLLATE utf8_general_ci NULL DEFAULT NULL,
  `users_gender` varchar(255) CHARACTER SET utf8 COLLATE utf8_general_ci NULL DEFAULT NULL,
  `users_signup_time` datetime NULL DEFAULT NULL,
  `users_fans` int(11) NULL DEFAULT NULL,
  `users_attention` varchar(255) CHARACTER SET utf8 COLLATE utf8_general_ci NULL DEFAULT NULL,
  `users_location` varchar(255) CHARACTER SET utf8 COLLATE utf8_general_ci NULL DEFAULT NULL,
  `users_school` varchar(255) CHARACTER SET utf8 COLLATE utf8_general_ci NULL DEFAULT NULL,
  `users_hometown` varchar(255) CHARACTER SET utf8 COLLATE utf8_general_ci NULL DEFAULT NULL,
  PRIMARY KEY (`users_id`) USING BTREE
) ENGINE = InnoDB AUTO_INCREMENT = 5 CHARACTER SET = utf8 COLLATE = utf8_general_ci ROW_FORMAT = Dynamic;

-- ----------------------------
-- Records of users
-- ----------------------------
INSERT INTO `users` VALUES (1, '11', 'admin', 'https://tva3.sinaimg.cn/crop.0.0.458.458.180/a8b8b9cajw8exsgha3l4uj20cq0crmy5.jpg?KID=imgbed,tva&Expires=1667193327&ssig=Bz23iWMjJ3', '时光读物12', '时光11', '女', '2022-10-31 10:08:55', 11, '237', '黑龙江1', '', NULL);
INSERT INTO `users` VALUES (2, '123456', 'admin', 'https://tupian.qqw21.com/article/UploadPic/2020-1/20201131943720551.jpg', '佳佳', 'jiajia', '男', '2022-10-31 10:09:12', 112, '323', '广西南宁', NULL, NULL);
INSERT INTO `users` VALUES (3, '14253', 'admin', 'https://tupian.qqw21.com/article/UploadPic/2018-7/20187192294216790.jpg', '七七', 'qiqi', '男', '2022-11-08 21:26:09', 12121, '1212', '上海', NULL, NULL);
INSERT INTO `users` VALUES (4, '15236', 'admin', 'https://tupian.qqw21.com/article/UploadPic/2019-11/201911322345425462.jpg', '星辰', '无暇', '男', '2022-11-07 21:26:14', 1212, '12121', '北京', NULL, NULL);

-- ----------------------------
-- Table structure for wb
-- ----------------------------
DROP TABLE IF EXISTS `wb`;
CREATE TABLE `wb`  (
  `wb_id` int(11) NOT NULL AUTO_INCREMENT,
  `alink` varchar(255) CHARACTER SET utf8 COLLATE utf8_bin NOT NULL,
  `head` varchar(255) CHARACTER SET utf8 COLLATE utf8_bin NOT NULL,
  `user_name` varchar(255) CHARACTER SET utf8 COLLATE utf8_bin NOT NULL,
  `time_interlinkage` datetime NULL DEFAULT NULL,
  `time` datetime NULL DEFAULT NULL,
  `information` varchar(400) CHARACTER SET utf8 COLLATE utf8_bin NOT NULL,
  `detail` varchar(255) CHARACTER SET utf8 COLLATE utf8_bin NOT NULL,
  `picture` varchar(255) CHARACTER SET utf8 COLLATE utf8_bin NOT NULL,
  `picture1` varchar(255) CHARACTER SET utf8 COLLATE utf8_bin NOT NULL,
  `woopopctrl` varchar(255) CHARACTER SET utf8 COLLATE utf8_bin NOT NULL,
  `like` varchar(255) CHARACTER SET utf8 COLLATE utf8_bin NOT NULL,
  PRIMARY KEY (`wb_id`) USING BTREE
) ENGINE = InnoDB AUTO_INCREMENT = 23 CHARACTER SET = utf8 COLLATE = utf8_bin ROW_FORMAT = Dynamic;

-- ----------------------------
-- Records of wb
-- ----------------------------
INSERT INTO `wb` VALUES (1, 'https://weibo.com/u/7495550239', 'https://tvax4.sinaimg.cn/crop.0.0.1080.1080.180/008bgz1Bly8gscfjxik6tj30u00u0gno.jpg?KID=imgbed,tva&Expires=1666259887&ssig=BrgkzTF2ac', '小轩肉呀', NULL, '2001-10-05 15:00:00', '搞笑幽默博主', '蔬菜的正确的切法 小轩肉呀的微博视频 ​', '', '', ' 2.2万 ', '5.2万');
INSERT INTO `wb` VALUES (2, 'https://weibo.com/u/5236465571', 'https://tvax2.sinaimg.cn/crop.0.0.512.512.180/005InFU7ly8h55f2zz1owj30e80e83ys.jpg?KID=imgbed,tva&Expires=1666259887&ssig=9HkPTzpgcT', '巧克梨Q', NULL, '2001-10-14 20:02:00', '校园博主 微博故事红人 微博原创视频博主', '这是世界上最甜的糖，你肯定吃过。 ​', 'https://wx1.sinaimg.cn/orj360/007YiDcxly1h6vpqyexhsj30u00je401.jpg', 'https://wx3.sinaimg.cn/orj360/007YiDcxly1h6vpqxrshij30u016g7a9.jpg', ' 37 ', '1868');
INSERT INTO `wb` VALUES (3, 'https://weibo.com/u/6113248619', 'https://tvax4.sinaimg.cn/crop.0.0.996.996.180/006FIzebly8h6tg3w08m0j30ro0ro3zp.jpg?KID=imgbed,tva&Expires=1666259887&ssig=Hyo%2FI2mZlU', 'A小瓶盖baby', NULL, '2001-10-10 18:56:00', '娱乐博主 娱乐明星视频博主', '小时候家里不富裕，妈妈通常只做两个菜。\n\n#影迷嘉年华##电影二创榜# A小瓶盖baby的微博视频 ​', '', '', ' 975 ', '8392');
INSERT INTO `wb` VALUES (4, 'https://weibo.com/u/3123638945', 'https://tvax4.sinaimg.cn/crop.0.0.512.512.180/ba2ef2a1ly8h2ghj8uokkj20e80e83yu.jpg?KID=imgbed,tva&Expires=1666259887&ssig=HdvxhQy9EX', '旅者AMING', NULL, '2001-10-05 12:26:00', '8.2万人关注了他', '四年 ​', 'https://wx1.sinaimg.cn/orj360/ba2ef2a1ly1h6uarn8wt2j22dp36bgve.jpg', '', ' 258 ', '3.5万');
INSERT INTO `wb` VALUES (5, 'https://weibo.com/u/7004852653', 'https://tvax4.sinaimg.cn/crop.0.0.1002.1002.180/007E3Eaply8gw9ayzqzt2j30ru0rut9y.jpg?KID=imgbed,tva&Expires=1666259887&ssig=5NX6W%2BNdj8', '老专员', NULL, '2001-10-12 20:28:00', '15.3万人关注了他', '简直和小时候想象的童话一模一样…… 老专员的微博视频 ​', '', '', ' 854 ', '1.1万');
INSERT INTO `wb` VALUES (6, 'https://weibo.com/u/1732787577', 'https://tvax2.sinaimg.cn/crop.0.0.593.593.180/67483d79ly8gdjj1x33qmj20ig0ihaag.jpg?KID=imgbed,tva&Expires=1666259887&ssig=oiYmrBu9ak', '老李滔滔不绝', NULL, '2001-10-08 14:58:00', '互联网科技博主 头条文章作者', '哎，终于明白什么叫做生产力低下了，用这玩意收割稻子，是准备一亩地干一个月么？最起码也该知道镰刀比它快多了吧 ​', 'https://wx4.sinaimg.cn/orj360/67483d79ly1h6xw129bbdj20mz0yd4hj.jpg', 'https://wx4.sinaimg.cn/orj360/67483d79ly1h6xw12op5oj20mz0zcauh.jpg', ' 52 ', '1.4万');
INSERT INTO `wb` VALUES (7, 'https://weibo.com/u/6404576520', 'https://tvax1.sinaimg.cn/crop.0.0.1080.1080.180/006ZqWVily8h41wt54ro5j30u00u0abx.jpg?KID=imgbed,tva&Expires=1666259887&ssig=sZjVm22RzT', '我的爱豆巨调皮', NULL, '2001-10-15 20:08:00', '4.7万人关注了她', '高露还没开始配音就掉眼泪！这情绪转换得太快，王耀庆惊的合不拢嘴……这就是演员啊 我的爱豆巨调皮的微博视频 ​', '', '', ' 89 ', '5936');
INSERT INTO `wb` VALUES (8, 'https://weibo.com/u/7495550239', 'https://tvax4.sinaimg.cn/crop.0.0.1080.1080.180/008bgz1Bly8gscfjxik6tj30u00u0gno.jpg?KID=imgbed,tva&Expires=1666259887&ssig=BrgkzTF2ac', '小轩肉呀', NULL, '2001-10-05 15:00:00', '搞笑幽默博主', '蔬菜的正确的切法 小轩肉呀的微博视频 ​', '', '', ' 2.2万 ', '5.2万');
INSERT INTO `wb` VALUES (9, 'https://weibo.com/u/5236465571', 'https://tvax2.sinaimg.cn/crop.0.0.512.512.180/005InFU7ly8h55f2zz1owj30e80e83ys.jpg?KID=imgbed,tva&Expires=1666259887&ssig=9HkPTzpgcT', '巧克梨Q', NULL, '2001-10-14 20:02:00', '校园博主 微博故事红人 微博原创视频博主', '这是世界上最甜的糖，你肯定吃过。 ​', 'https://wx1.sinaimg.cn/orj360/007YiDcxly1h6vpqyexhsj30u00je401.jpg', 'https://wx3.sinaimg.cn/orj360/007YiDcxly1h6vpqxrshij30u016g7a9.jpg', ' 37 ', '1868');
INSERT INTO `wb` VALUES (10, 'https://weibo.com/u/6113248619', 'https://tvax4.sinaimg.cn/crop.0.0.996.996.180/006FIzebly8h6tg3w08m0j30ro0ro3zp.jpg?KID=imgbed,tva&Expires=1666259887&ssig=Hyo%2FI2mZlU', 'A小瓶盖baby', NULL, '2001-10-10 18:56:00', '娱乐博主 娱乐明星视频博主', '小时候家里不富裕，妈妈通常只做两个菜。\n\n#影迷嘉年华##电影二创榜# A小瓶盖baby的微博视频 ​', '', '', ' 975 ', '8392');
INSERT INTO `wb` VALUES (11, 'https://weibo.com/u/3123638945', 'https://tvax4.sinaimg.cn/crop.0.0.512.512.180/ba2ef2a1ly8h2ghj8uokkj20e80e83yu.jpg?KID=imgbed,tva&Expires=1666259887&ssig=HdvxhQy9EX', '旅者AMING', NULL, '2001-10-05 12:26:00', '8.2万人关注了他', '四年 ​', 'https://wx1.sinaimg.cn/orj360/ba2ef2a1ly1h6uarn8wt2j22dp36bgve.jpg', '', ' 258 ', '3.5万');
INSERT INTO `wb` VALUES (12, 'https://weibo.com/u/7004852653', 'https://tvax4.sinaimg.cn/crop.0.0.1002.1002.180/007E3Eaply8gw9ayzqzt2j30ru0rut9y.jpg?KID=imgbed,tva&Expires=1666259887&ssig=5NX6W%2BNdj8', '老专员', NULL, '2001-10-12 20:28:00', '15.3万人关注了他', '简直和小时候想象的童话一模一样…… 老专员的微博视频 ​', '', '', ' 854 ', '1.1万');
INSERT INTO `wb` VALUES (13, 'https://weibo.com/u/1732787577', 'https://tvax2.sinaimg.cn/crop.0.0.593.593.180/67483d79ly8gdjj1x33qmj20ig0ihaag.jpg?KID=imgbed,tva&Expires=1666259887&ssig=oiYmrBu9ak', '老李滔滔不绝', NULL, '2001-10-08 14:58:00', '互联网科技博主 头条文章作者', '哎，终于明白什么叫做生产力低下了，用这玩意收割稻子，是准备一亩地干一个月么？最起码也该知道镰刀比它快多了吧 ​', 'https://wx4.sinaimg.cn/orj360/67483d79ly1h6xw129bbdj20mz0yd4hj.jpg', 'https://wx4.sinaimg.cn/orj360/67483d79ly1h6xw12op5oj20mz0zcauh.jpg', ' 52 ', '1.4万');
INSERT INTO `wb` VALUES (14, 'https://weibo.com/u/6404576520', 'https://tvax1.sinaimg.cn/crop.0.0.1080.1080.180/006ZqWVily8h41wt54ro5j30u00u0abx.jpg?KID=imgbed,tva&Expires=1666259887&ssig=sZjVm22RzT', '我的爱豆巨调皮', NULL, '2001-10-15 20:08:00', '4.7万人关注了她', '高露还没开始配音就掉眼泪！这情绪转换得太快，王耀庆惊的合不拢嘴……这就是演员啊 我的爱豆巨调皮的微博视频 ​', '', '', ' 89 ', '5936');
INSERT INTO `wb` VALUES (15, 'https://weibo.com/u/2609002843', 'https://tvax2.sinaimg.cn/crop.0.0.1024.1024.180/9b82395bly8h4ynk2fpwqj20sg0sggmv.jpg?KID=imgbed,tva&Expires=1666259889&ssig=diteA1wT%2FF', '-狙擊少女', NULL, NULL, '超话粉丝大咖（蔡徐坤超话） 知名娱乐博主', '#当明星遇上路人原相机# 蔡徐坤 cxk \n生图这块蔡徐坤真的上大分！每次活动都有好多绝美生图 ​', 'https://wx3.sinaimg.cn/orj360/9b82395bly1h7ars4es00j21u82uowj6.jpg', 'https://wx4.sinaimg.cn/orj360/9b82395bly1h7areubqxlj20u01hc14g.jpg', ' 214 ', '2734');
INSERT INTO `wb` VALUES (16, 'https://weibo.com/u/1256363904', 'https://tvax3.sinaimg.cn/crop.0.0.512.512.180/4ae29780ly8h359jh08zmj20e80e8q39.jpg?KID=imgbed,tva&Expires=1666259889&ssig=y4zivFRTPs', '顶流颜究社', NULL, '2001-10-15 11:45:00', '娱乐博主', '孙怡不愧是模特出身的，一出场吸引全场目光，这台步太稳了 顶流颜究社的微博视频 ​', '', '', ' 94 ', '1.1万');
INSERT INTO `wb` VALUES (17, 'https://weibo.com/u/1852554501', 'https://tvax1.sinaimg.cn/crop.0.0.1080.1080.180/6e6bbd05ly8gdwt4zidq7j20u00u0dj6.jpg?KID=imgbed,tva&Expires=1666259889&ssig=HqfmrK7v5h', 'Kelly于文文', NULL, '2001-10-13 15:16:00', '歌手、演员', '4000米过后，25层已经无所畏惧✊ ​', 'https://wx3.sinaimg.cn/orj360/6e6bbd05ly1h73nr21nmjj21sc2ds7dh.jpg', 'https://wx2.sinaimg.cn/orj360/6e6bbd05ly1h73nrbieu3j21sc2dsx6p.jpg', ' 5.6万 ', '14.1万');
INSERT INTO `wb` VALUES (18, 'https://weibo.com/u/6179910873', 'https://tvax3.sinaimg.cn/crop.0.0.1080.1080.180/006Keh7Ply8gyiyvj0xh2j30u00u00ur.jpg?KID=imgbed,tva&Expires=1666259889&ssig=sRYOD%2FwP7e', '吃货十级少女', NULL, '2001-10-13 13:12:00', '39.9万人关注了他', '#美食分享##美食大V秀#\n\n让你们的男朋友给你调爱心麻酱 吃货十级少女的微博视频 ​', '', '', ' 99 ', '2611');
INSERT INTO `wb` VALUES (19, 'https://weibo.com/u/5254886684', 'https://tvax3.sinaimg.cn/crop.0.0.1080.1080.180/005JCY4Qly8h76f9ldf1xj30u00u0dgc.jpg?KID=imgbed,tva&Expires=1666259889&ssig=VUbdGNllgP', '周杰伦_bot', NULL, '2001-09-28 22:02:00', '296.3万人关注了她', '家有三宝，姐姐 弟弟 妹妹 ​', 'https://wx2.sinaimg.cn/orj360/005JCY4Qgy1h6mo2stsv3j30n00sigpt.jpg', 'https://wx4.sinaimg.cn/orj360/005JCY4Qgy1h6mo2ufckij30u0120gws.jpg', ' 411 ', '4万');
INSERT INTO `wb` VALUES (20, 'https://weibo.com/u/7022001905', 'https://tvax2.sinaimg.cn/crop.0.0.1080.1080.180/007FdBtfly8h1746pf10xj30u00u0wg4.jpg?KID=imgbed,tva&Expires=1666259896&ssig=U5tCIysOzu', '若妍女友', NULL, '2001-10-18 20:55:00', '21.1万人关注了她', '闺蜜把我送她的内裤蛋糕放进了冰箱。 ​', 'https://wx4.sinaimg.cn/orj360/d8245aa0gy1h1cgrraetij20jv0pi0vp.jpg', 'https://wx4.sinaimg.cn/orj360/d8245aa0gy1h1cgslg78oj20k60pt772.jpg', ' 转发 ', '74');
INSERT INTO `wb` VALUES (21, 'https://weibo.com/u/2953601074', 'https://tvax1.sinaimg.cn/crop.0.0.640.640.180/b00c6032ly8h10xx2rttvj20hs0hsaab.jpg?KID=imgbed,tva&Expires=1666259957&ssig=DRtk%2Fwc5SO', 'GODVCENT', NULL, '2001-10-13 18:40:00', '搞笑幽默博主 2022年辰星计划博主 视频博主', '消融 ​', '', '', ' 701 ', '8111');
INSERT INTO `wb` VALUES (22, 'https://weibo.com/u/5492037232', 'https://tvax2.sinaimg.cn/crop.0.0.1080.1080.180/005ZG1LGly8h5zffaoi47j30u00u0tcl.jpg?KID=imgbed,tva&Expires=1666259957&ssig=g2n6p3VHgf', '爱豆星综剧', NULL, NULL, '娱乐博主', '#张翰#林峯看着！张馨月却要给张翰剥虾吃，翰哥委屈且怂：我不敢 爱豆星综剧的微博视频 ​', '', '', ' 转发 ', '131');

SET FOREIGN_KEY_CHECKS = 1;
